  [2m2026-01-30T21:29:49.801448Z[0m [32m INFO[0m [1;32mninep_server::cli::commands::serve[0m[32m: [32mStarting 9P.e server...[0m
    [2;3mat[0m src/cli/commands/serve.rs:61

  [2m2026-01-30T21:29:49.801471Z[0m [32m INFO[0m [1;32mninep_server::cli::commands::serve[0m[32m: [32mUsing legacy TCP transport[0m
    [2;3mat[0m src/cli/commands/serve.rs:78

  [2m2026-01-30T21:29:49.801481Z[0m [32m INFO[0m [1;32mninep_server::util[0m[32m: [32mRunning in USER mode - using ~/srv and ~/n[0m
    [2;3mat[0m src/util.rs:53

  [2m2026-01-30T21:29:49.801484Z[0m [32m INFO[0m [1;32mninep_server::transport::tcp[0m[32m: [32mInitializing legacy TCP transport[0m
    [2;3mat[0m src/transport/tcp.rs:22

  [2m2026-01-30T21:29:49.801485Z[0m [32m INFO[0m [1;32mninep_server::transport::tcp[0m[32m: [32mTCP listening on [::1]:5640 (legacy mode)[0m
    [2;3mat[0m src/transport/tcp.rs:30

  [2m2026-01-30T21:29:49.801501Z[0m [32m INFO[0m [1;32mninep_server::server[0m[32m: [32mSynthetic filesystem initialized for virtual directories[0m
    [2;3mat[0m src/server/mod.rs:99

  [2m2026-01-30T21:29:49.801502Z[0m [32m INFO[0m [1;32mninep_server::server[0m[32m: [32mThread-safe WASM translator registry initialized at "/home/scott/.9pe/translators"[0m
    [2;3mat[0m src/server/mod.rs:105

  [2m2026-01-30T21:29:49.801773Z[0m [32m INFO[0m [1;32mninep_server::sycl::backend_loader[0m[32m: [32mLoading Intel oneAPI backend from /home/scott/Repo/9pe-server/libsycl_ffi_intel.so[0m
    [2;3mat[0m src/sycl/backend_loader.rs:74

  [2m2026-01-30T21:29:49.906166Z[0m [32m INFO[0m [1;32mninep_server::sycl::backend_loader[0m[32m: [32mIntel oneAPI backend loaded successfully[0m
    [2;3mat[0m src/sycl/backend_loader.rs:262

  [2m2026-01-30T21:29:49.906190Z[0m [32m INFO[0m [1;32mninep_server::sycl::backend_loader[0m[32m: [32mLoading AdaptiveCpp backend from /home/scott/Repo/9pe-server/libsycl_ffi_adaptive.so[0m
    [2;3mat[0m src/sycl/backend_loader.rs:74

  [2m2026-01-30T21:29:49.906632Z[0m [32m INFO[0m [1;32mninep_server::sycl::backend_loader[0m[32m: [32mAdaptiveCpp backend loaded successfully[0m
    [2;3mat[0m src/sycl/backend_loader.rs:273

  [2m2026-01-30T21:29:49.991185Z[0m [32m INFO[0m [1;32mninep_server::wasm::threadsafe[0m[32m: [32mRegistered system translator at "/system/sycl"[0m
    [2;3mat[0m src/wasm/threadsafe.rs:535

  [2m2026-01-30T21:29:49.993753Z[0m [32m INFO[0m [1;32mninep_server::server[0m[32m: [32mDiscovered 5 GPU device(s)[0m
    [2;3mat[0m src/server/mod.rs:118

  [2m2026-01-30T21:29:49.996276Z[0m [32m INFO[0m [1;32mninep_server::server[0m[32m: [32mGPU synthetic controls mounted under /srv/compute[0m
    [2;3mat[0m src/server/mod.rs:140

  [2m2026-01-30T21:29:49.996285Z[0m [32m INFO[0m [1;32mninep_server::server[0m[32m: [32mConsensus disabled in config[0m
    [2;3mat[0m src/server/mod.rs:200

  [2m2026-01-30T21:29:49.996287Z[0m [32m INFO[0m [1;32mninep_server::server[0m[32m: [32mStarting mesh networking on port 9650[0m
    [2;3mat[0m src/server/mod.rs:206

  [2m2026-01-30T21:29:49.996294Z[0m [32m INFO[0m [1;32mninep_server::mesh[0m[32m: [32mStarting QUIC mesh network on port 9650 with DHT and mDNS discovery[0m
    [2;3mat[0m src/mesh.rs:59

  [2m2026-01-30T21:29:49.996911Z[0m [32m INFO[0m [1;32mninep_server::server[0m[32m: [32mMesh network started successfully on port 9650[0m
    [2;3mat[0m src/server/mod.rs:227

  [2m2026-01-30T21:29:49.996924Z[0m [32m INFO[0m [1;32mninep_server::mesh[0m[32m: [32mQUIC mesh network listening on port 9650[0m
    [2;3mat[0m src/mesh.rs:162

  [2m2026-01-30T21:29:49.996933Z[0m [32m INFO[0m [1;32mninep_server::mesh[0m[32m: [32mStarting DHT-based peer discovery[0m
    [2;3mat[0m src/mesh.rs:370

  [2m2026-01-30T21:29:49.996933Z[0m [32m INFO[0m [1;32mninep_server::namespace_manager[0m[32m: [32mNamespace manager system public key: 4d8ab38e96de86fc1eb5ccef18412e0681bc8fa2a4dc1aa098844c6a78484f41[0m
    [2;3mat[0m src/namespace_manager.rs:168

  [2m2026-01-30T21:29:49.996941Z[0m [32m INFO[0m [1;32mninep_server::namespace_manager[0m[32m: [32mInitializing namespace manager at /srv/namespace/[0m
    [2;3mat[0m src/namespace_manager.rs:190

  [2m2026-01-30T21:29:49.996931Z[0m [32m INFO[0m [1;32mninep_server::mesh[0m[32m: [32mStarting mDNS peer discovery[0m
    [2;3mat[0m src/mesh.rs:274

  [2m2026-01-30T21:29:49.996969Z[0m [32m INFO[0m [1;32mninep_server::namespace_manager[0m[32m: [32mRegistered namespace: /srv/compute (owner: 4d8ab38e96de86fc, type: compute)[0m
    [2;3mat[0m src/namespace_manager.rs:384

  [2m2026-01-30T21:29:49.996983Z[0m [32m INFO[0m [1;32mninep_server::namespace_manager[0m[32m: [32mRegistered namespace: /srv/namespace (owner: 4d8ab38e96de86fc, type: system)[0m
    [2;3mat[0m src/namespace_manager.rs:384

  [2m2026-01-30T21:29:49.996997Z[0m [32m INFO[0m [1;32mninep_server::namespace_manager[0m[32m: [32mRegistered namespace: /srv/settrans (owner: 4d8ab38e96de86fc, type: system)[0m
    [2;3mat[0m src/namespace_manager.rs:384

  [2m2026-01-30T21:29:49.997001Z[0m [32m INFO[0m [1;32mninep_server::namespace_manager[0m[32m: [32mNamespace manager initialized successfully[0m
    [2;3mat[0m src/namespace_manager.rs:203

  [2m2026-01-30T21:29:49.997003Z[0m [32m INFO[0m [1;32mninep_server::server[0m[32m: [32mNamespace manager initialized at /srv/namespace/[0m
    [2;3mat[0m src/server/mod.rs:263

  [2m2026-01-30T21:29:49.997011Z[0m [32m INFO[0m [1;32mninep_server::settrans[0m[32m: [32mVirtual settrans structure created at "/srv/settrans" (synthetic filesystem only)[0m
    [2;3mat[0m src/settrans.rs:223

  [2m2026-01-30T21:29:49.997018Z[0m [32m INFO[0m [1;32mninep_server::server[0m[32m: [32mVirtual settrans system initialized at "/home/scott/srv/settrans" (virtual only, no physical directories)[0m
    [2;3mat[0m src/server/mod.rs:283

  [2m2026-01-30T21:29:49.997020Z[0m [32m INFO[0m [1;32mninep_server::server[0m[32m: [32mMetrics available at /srv/stats/* (see src/stats.rs)[0m
    [2;3mat[0m src/server/mod.rs:290

  [2m2026-01-30T21:29:49.997021Z[0m [32m INFO[0m [1;32mninep_server::server[0m[32m: [32mAuto-mount enabled - starting transparent /n/ namespace daemon[0m
    [2;3mat[0m src/server/mod.rs:294

  [2m2026-01-30T21:29:49.997023Z[0m [32m INFO[0m [1;32mninep_server::auto_mount[0m[32m: [32mStarting transparent auto-mount daemon for "/home/scott/n" namespace[0m
    [2;3mat[0m src/auto_mount.rs:150

  [2m2026-01-30T21:29:49.997029Z[0m [32m INFO[0m [1;32mninep_server::auto_mount[0m[32m: [32mAuto-mount daemon started - will automatically manage /n/ mounts[0m
    [2;3mat[0m src/auto_mount.rs:192

  [2m2026-01-30T21:29:49.997031Z[0m [32m INFO[0m [1;32mninep_server::server[0m[32m: [32mAuto-mount daemon started successfully[0m
    [2;3mat[0m src/server/mod.rs:297

  [2m2026-01-30T21:29:49.997034Z[0m [32m INFO[0m [1;32mninep_server::cli::commands::serve[0m[32m: [32mServer listening on ::1:5640 with TCP[0m
    [2;3mat[0m src/cli/commands/serve.rs:105

  [2m2026-01-30T21:29:49.997035Z[0m [32m INFO[0m [1;32mninep_server::server[0m[32m: [32m9P.e server running on ::1:5640 with root "./test_root"[0m
    [2;3mat[0m src/server/mod.rs:342

  [2m2026-01-30T21:29:49.997036Z[0m [32m INFO[0m [1;32mninep_server::mesh[0m[32m: [32mRegistered mDNS service: 9pe-node-5f0 on port 9650[0m
    [2;3mat[0m src/mesh.rs:305

  [2m2026-01-30T21:29:49.997051Z[0m [32m INFO[0m [1;32mninep_server::mesh[0m[32m: [32mmDNS discovery active, browsing for _9pe-mesh._udp.local.[0m
    [2;3mat[0m src/mesh.rs:322

  [2m2026-01-30T21:29:49.997213Z[0m [34mDEBUG[0m [1;34mmdns_sd::service_daemon[0m[34m: [34mjoin multicast group V4 on addr 192.168.1.182[0m
    [2;3mat[0m /home/scott/.cargo/registry/src/index.crates.io-1949cf8c6b5b557f/mdns-sd-0.15.1/src/service_daemon.rs:898

  [2m2026-01-30T21:29:49.997227Z[0m [34mDEBUG[0m [1;34mmdns_sd::service_daemon[0m[34m: [34mjoin multicast group V6 on addr 2601:601:1500:95f:c3bd:a36c:94a1:a6aa with index 3[0m
    [2;3mat[0m /home/scott/.cargo/registry/src/index.crates.io-1949cf8c6b5b557f/mdns-sd-0.15.1/src/service_daemon.rs:906

  [2m2026-01-30T21:29:49.997240Z[0m [34mDEBUG[0m [1;34mmdns_sd::service_daemon[0m[34m: [34mjoin multicast group V6 on addr 2601:601:1500:95f:4e63:2ecc:68a7:3033 with index 3[0m
    [2;3mat[0m /home/scott/.cargo/registry/src/index.crates.io-1949cf8c6b5b557f/mdns-sd-0.15.1/src/service_daemon.rs:906

  [2m2026-01-30T21:29:49.997247Z[0m [34mDEBUG[0m [1;34mmdns_sd::service_daemon[0m[34m: [34mconfig socket to join multicast: 2601:601:1500:95f:4e63:2ecc:68a7:3033: PKT join multicast group on addr 2601:601:1500:95f:4e63:2ecc:68a7:3033: Address already in use (os error 98). Skipped.[0m
    [2;3mat[0m /home/scott/.cargo/registry/src/index.crates.io-1949cf8c6b5b557f/mdns-sd-0.15.1/src/service_daemon.rs:967

  [2m2026-01-30T21:29:49.997251Z[0m [34mDEBUG[0m [1;34mmdns_sd::service_daemon[0m[34m: [34mjoin multicast group V6 on addr fe80::6fd2:d36c:e3a3:fc6b with index 3[0m
    [2;3mat[0m /home/scott/.cargo/registry/src/index.crates.io-1949cf8c6b5b557f/mdns-sd-0.15.1/src/service_daemon.rs:906

  [2m2026-01-30T21:29:49.997256Z[0m [34mDEBUG[0m [1;34mmdns_sd::service_daemon[0m[34m: [34mconfig socket to join multicast: fe80::6fd2:d36c:e3a3:fc6b: PKT join multicast group on addr fe80::6fd2:d36c:e3a3:fc6b: Address already in use (os error 98). Skipped.[0m
    [2;3mat[0m /home/scott/.cargo/registry/src/index.crates.io-1949cf8c6b5b557f/mdns-sd-0.15.1/src/service_daemon.rs:967

  [2m2026-01-30T21:29:49.997274Z[0m [34mDEBUG[0m [1;34mmdns_sd::service_daemon[0m[34m: [34mregister service ServiceInfo { ty_domain: "_9pe-mesh._udp.local.", sub_domain: None, fullname: "9pe-node-5f0._9pe-mesh._udp.local.", server: "9pe-node-5f0.local.", addresses: {}, port: 9650, host_ttl: 120, other_ttl: 4500, priority: 0, weight: 0, txt_properties: TxtProperties { properties: [TxtProperty {key: "node_id", val: Some("node-5f01ace1-b386-43c0-adfd-51fbffb5302e")}] }, addr_auto: false, status: {}, requires_probe: true }[0m
    [2;3mat[0m /home/scott/.cargo/registry/src/index.crates.io-1949cf8c6b5b557f/mdns-sd-0.15.1/src/service_daemon.rs:1676

  [2m2026-01-30T21:29:49.997288Z[0m [34mDEBUG[0m [1;34mmdns_sd::service_daemon[0m[34m: [34mprepare_announce (ipv4: true): no valid addrs on interface wlo1[0m
    [2;3mat[0m /home/scott/.cargo/registry/src/index.crates.io-1949cf8c6b5b557f/mdns-sd-0.15.1/src/service_daemon.rs:3848

  [2m2026-01-30T21:29:49.997292Z[0m [34mDEBUG[0m [1;34mmdns_sd::service_daemon[0m[34m: [34mprepare_announce (ipv4: false): no valid addrs on interface wlo1[0m
    [2;3mat[0m /home/scott/.cargo/registry/src/index.crates.io-1949cf8c6b5b557f/mdns-sd-0.15.1/src/service_daemon.rs:3848

  [2m2026-01-30T21:29:49.998165Z[0m [34mDEBUG[0m [1;34mninep_server::auto_mount[0m[34m: [34mStarting server discovery and auto-mount cycle[0m
    [2;3mat[0m src/auto_mount.rs:324

  [2m2026-01-30T21:29:49.998177Z[0m [34mDEBUG[0m [1;34mninep_server::auto_mount[0m[34m: [34mMounting server 127.0.0.1:5640 at "/home/scott/n/127_0_0_1_port_5640"[0m
    [2;3mat[0m src/auto_mount.rs:413

  [2m2026-01-30T21:29:49.998183Z[0m [34mDEBUG[0m [1;34mninep_server::auto_mount[0m[34m: [34mEstablishing Tcp connection to 127.0.0.1:5640[0m
    [2;3mat[0m src/auto_mount.rs:457

  [2m2026-01-30T21:29:49.998184Z[0m [32m INFO[0m [1;32mninep_server::transport::tcp[0m[32m: [32mInitializing legacy TCP transport[0m
    [2;3mat[0m src/transport/tcp.rs:22

  [2m2026-01-30T21:29:49.998186Z[0m [34mDEBUG[0m [1;34mninep_server::transport::tcp[0m[34m: [34mConnecting to 127.0.0.1:5640 via TCP[0m
    [2;3mat[0m src/transport/tcp.rs:36

  [2m2026-01-30T21:29:49.998233Z[0m [31mERROR[0m [1;31mninep_server::auto_mount[0m[31m: [31mConnection test failed: Connection refused (os error 111)[0m
    [2;3mat[0m src/auto_mount.rs:475

  [2m2026-01-30T21:29:49.998239Z[0m [33m WARN[0m [1;33mninep_server::auto_mount[0m[33m: [33mFailed to mount server 127.0.0.1:5640: Connection test failed: Connection refused (os error 111)[0m
    [2;3mat[0m src/auto_mount.rs:361

  [2m2026-01-30T21:29:49.998249Z[0m [34mDEBUG[0m [1;34mninep_server::auto_mount[0m[34m: [34mMounting server 127.0.0.1:5641 at "/home/scott/n/127_0_0_1_port_5641"[0m
    [2;3mat[0m src/auto_mount.rs:413

  [2m2026-01-30T21:29:49.998254Z[0m [34mDEBUG[0m [1;34mninep_server::auto_mount[0m[34m: [34mEstablishing Tcp connection to 127.0.0.1:5641[0m
    [2;3mat[0m src/auto_mount.rs:457

  [2m2026-01-30T21:29:49.998255Z[0m [32m INFO[0m [1;32mninep_server::transport::tcp[0m[32m: [32mInitializing legacy TCP transport[0m
    [2;3mat[0m src/transport/tcp.rs:22

  [2m2026-01-30T21:29:49.998257Z[0m [34mDEBUG[0m [1;34mninep_server::transport::tcp[0m[34m: [34mConnecting to 127.0.0.1:5641 via TCP[0m
    [2;3mat[0m src/transport/tcp.rs:36

  [2m2026-01-30T21:29:49.998281Z[0m [31mERROR[0m [1;31mninep_server::auto_mount[0m[31m: [31mConnection test failed: Connection refused (os error 111)[0m
    [2;3mat[0m src/auto_mount.rs:475

  [2m2026-01-30T21:29:49.998283Z[0m [33m WARN[0m [1;33mninep_server::auto_mount[0m[33m: [33mFailed to mount server 127.0.0.1:5641: Connection test failed: Connection refused (os error 111)[0m
    [2;3mat[0m src/auto_mount.rs:361

  [2m2026-01-30T21:29:49.998285Z[0m [34mDEBUG[0m [1;34mninep_server::auto_mount[0m[34m: [34mMounting server 127.0.0.1:5642 at "/home/scott/n/127_0_0_1_port_5642"[0m
    [2;3mat[0m src/auto_mount.rs:413

  [2m2026-01-30T21:29:49.998287Z[0m [34mDEBUG[0m [1;34mninep_server::auto_mount[0m[34m: [34mEstablishing Tcp connection to 127.0.0.1:5642[0m
    [2;3mat[0m src/auto_mount.rs:457

  [2m2026-01-30T21:29:49.998288Z[0m [32m INFO[0m [1;32mninep_server::transport::tcp[0m[32m: [32mInitializing legacy TCP transport[0m
    [2;3mat[0m src/transport/tcp.rs:22

  [2m2026-01-30T21:29:49.998289Z[0m [34mDEBUG[0m [1;34mninep_server::transport::tcp[0m[34m: [34mConnecting to 127.0.0.1:5642 via TCP[0m
    [2;3mat[0m src/transport/tcp.rs:36

  [2m2026-01-30T21:29:49.998297Z[0m [31mERROR[0m [1;31mninep_server::auto_mount[0m[31m: [31mConnection test failed: Connection refused (os error 111)[0m
    [2;3mat[0m src/auto_mount.rs:475

  [2m2026-01-30T21:29:49.998299Z[0m [33m WARN[0m [1;33mninep_server::auto_mount[0m[33m: [33mFailed to mount server 127.0.0.1:5642: Connection test failed: Connection refused (os error 111)[0m
    [2;3mat[0m src/auto_mount.rs:361

  [2m2026-01-30T21:29:53.000187Z[0m [34mDEBUG[0m [1;34mninep_server::mesh[0m[34m: [34mDHT empty, waiting for bootstrap peers[0m
    [2;3mat[0m src/mesh.rs:397

  [2m2026-01-30T21:29:55.000885Z[0m [34mDEBUG[0m [1;34mmdns_sd::service_daemon[0m[34m: [34mdel_interface: interface lo not found[0m
    [2;3mat[0m /home/scott/.cargo/registry/src/index.crates.io-1949cf8c6b5b557f/mdns-sd-0.15.1/src/service_daemon.rs:1503

  [2m2026-01-30T21:29:55.000929Z[0m [34mDEBUG[0m [1;34mmdns_sd::service_daemon[0m[34m: [34mdel_interface: interface lo not found[0m
    [2;3mat[0m /home/scott/.cargo/registry/src/index.crates.io-1949cf8c6b5b557f/mdns-sd-0.15.1/src/service_daemon.rs:1503

  [2m2026-01-30T21:30:00.015175Z[0m [34mDEBUG[0m [1;34mmdns_sd::service_daemon[0m[34m: [34mdel_interface: interface lo not found[0m
    [2;3mat[0m /home/scott/.cargo/registry/src/index.crates.io-1949cf8c6b5b557f/mdns-sd-0.15.1/src/service_daemon.rs:1503

  [2m2026-01-30T21:30:00.015228Z[0m [34mDEBUG[0m [1;34mmdns_sd::service_daemon[0m[34m: [34mdel_interface: interface lo not found[0m
    [2;3mat[0m /home/scott/.cargo/registry/src/index.crates.io-1949cf8c6b5b557f/mdns-sd-0.15.1/src/service_daemon.rs:1503

  [2m2026-01-30T21:30:05.039554Z[0m [34mDEBUG[0m [1;34mmdns_sd::service_daemon[0m[34m: [34mdel_interface: interface lo not found[0m
    [2;3mat[0m /home/scott/.cargo/registry/src/index.crates.io-1949cf8c6b5b557f/mdns-sd-0.15.1/src/service_daemon.rs:1503

  [2m2026-01-30T21:30:05.039641Z[0m [34mDEBUG[0m [1;34mmdns_sd::service_daemon[0m[34m: [34mdel_interface: interface lo not found[0m
    [2;3mat[0m /home/scott/.cargo/registry/src/index.crates.io-1949cf8c6b5b557f/mdns-sd-0.15.1/src/service_daemon.rs:1503

  [2m2026-01-30T21:30:10.042182Z[0m [34mDEBUG[0m [1;34mmdns_sd::service_daemon[0m[34m: [34mdel_interface: interface lo not found[0m
    [2;3mat[0m /home/scott/.cargo/registry/src/index.crates.io-1949cf8c6b5b557f/mdns-sd-0.15.1/src/service_daemon.rs:1503

  [2m2026-01-30T21:30:10.042208Z[0m [34mDEBUG[0m [1;34mmdns_sd::service_daemon[0m[34m: [34mdel_interface: interface lo not found[0m
    [2;3mat[0m /home/scott/.cargo/registry/src/index.crates.io-1949cf8c6b5b557f/mdns-sd-0.15.1/src/service_daemon.rs:1503

  [2m2026-01-30T21:30:15.067432Z[0m [34mDEBUG[0m [1;34mmdns_sd::service_daemon[0m[34m: [34mdel_interface: interface lo not found[0m
    [2;3mat[0m /home/scott/.cargo/registry/src/index.crates.io-1949cf8c6b5b557f/mdns-sd-0.15.1/src/service_daemon.rs:1503

  [2m2026-01-30T21:30:15.067457Z[0m [34mDEBUG[0m [1;34mmdns_sd::service_daemon[0m[34m: [34mdel_interface: interface lo not found[0m
    [2;3mat[0m /home/scott/.cargo/registry/src/index.crates.io-1949cf8c6b5b557f/mdns-sd-0.15.1/src/service_daemon.rs:1503

  [2m2026-01-30T21:30:19.998273Z[0m [34mDEBUG[0m [1;34mninep_server::auto_mount[0m[34m: [34mStarting server discovery and auto-mount cycle[0m
    [2;3mat[0m src/auto_mount.rs:324

  [2m2026-01-30T21:30:19.998377Z[0m [34mDEBUG[0m [1;34mninep_server::auto_mount[0m[34m: [34mMounting server 127.0.0.1:5640 at "/home/scott/n/127_0_0_1_port_5640"[0m
    [2;3mat[0m src/auto_mount.rs:413

  [2m2026-01-30T21:30:19.998422Z[0m [34mDEBUG[0m [1;34mninep_server::auto_mount[0m[34m: [34mEstablishing Tcp connection to 127.0.0.1:5640[0m
    [2;3mat[0m src/auto_mount.rs:457

  [2m2026-01-30T21:30:19.998439Z[0m [32m INFO[0m [1;32mninep_server::transport::tcp[0m[32m: [32mInitializing legacy TCP transport[0m
    [2;3mat[0m src/transport/tcp.rs:22

  [2m2026-01-30T21:30:19.998456Z[0m [34mDEBUG[0m [1;34mninep_server::transport::tcp[0m[34m: [34mConnecting to 127.0.0.1:5640 via TCP[0m
    [2;3mat[0m src/transport/tcp.rs:36

  [2m2026-01-30T21:30:19.998671Z[0m [31mERROR[0m [1;31mninep_server::auto_mount[0m[31m: [31mConnection test failed: Connection refused (os error 111)[0m
    [2;3mat[0m src/auto_mount.rs:475

  [2m2026-01-30T21:30:19.998712Z[0m [33m WARN[0m [1;33mninep_server::auto_mount[0m[33m: [33mFailed to mount server 127.0.0.1:5640: Connection test failed: Connection refused (os error 111)[0m
    [2;3mat[0m src/auto_mount.rs:361

  [2m2026-01-30T21:30:19.998740Z[0m [34mDEBUG[0m [1;34mninep_server::auto_mount[0m[34m: [34mMounting server 127.0.0.1:5641 at "/home/scott/n/127_0_0_1_port_5641"[0m
    [2;3mat[0m src/auto_mount.rs:413

  [2m2026-01-30T21:30:19.998766Z[0m [34mDEBUG[0m [1;34mninep_server::auto_mount[0m[34m: [34mEstablishing Tcp connection to 127.0.0.1:5641[0m
    [2;3mat[0m src/auto_mount.rs:457

  [2m2026-01-30T21:30:19.998820Z[0m [32m INFO[0m [1;32mninep_server::transport::tcp[0m[32m: [32mInitializing legacy TCP transport[0m
    [2;3mat[0m src/transport/tcp.rs:22

  [2m2026-01-30T21:30:19.998841Z[0m [34mDEBUG[0m [1;34mninep_server::transport::tcp[0m[34m: [34mConnecting to 127.0.0.1:5641 via TCP[0m
    [2;3mat[0m src/transport/tcp.rs:36

  [2m2026-01-30T21:30:19.998950Z[0m [31mERROR[0m [1;31mninep_server::auto_mount[0m[31m: [31mConnection test failed: Connection refused (os error 111)[0m
    [2;3mat[0m src/auto_mount.rs:475

  [2m2026-01-30T21:30:19.998976Z[0m [33m WARN[0m [1;33mninep_server::auto_mount[0m[33m: [33mFailed to mount server 127.0.0.1:5641: Connection test failed: Connection refused (os error 111)[0m
    [2;3mat[0m src/auto_mount.rs:361

  [2m2026-01-30T21:30:19.999000Z[0m [34mDEBUG[0m [1;34mninep_server::auto_mount[0m[34m: [34mMounting server 127.0.0.1:5642 at "/home/scott/n/127_0_0_1_port_5642"[0m
    [2;3mat[0m src/auto_mount.rs:413

  [2m2026-01-30T21:30:19.999050Z[0m [34mDEBUG[0m [1;34mninep_server::auto_mount[0m[34m: [34mEstablishing Tcp connection to 127.0.0.1:5642[0m
    [2;3mat[0m src/auto_mount.rs:457

  [2m2026-01-30T21:30:19.999063Z[0m [32m INFO[0m [1;32mninep_server::transport::tcp[0m[32m: [32mInitializing legacy TCP transport[0m
    [2;3mat[0m src/transport/tcp.rs:22

  [2m2026-01-30T21:30:19.999074Z[0m [34mDEBUG[0m [1;34mninep_server::transport::tcp[0m[34m: [34mConnecting to 127.0.0.1:5642 via TCP[0m
    [2;3mat[0m src/transport/tcp.rs:36

  [2m2026-01-30T21:30:19.999162Z[0m [31mERROR[0m [1;31mninep_server::auto_mount[0m[31m: [31mConnection test failed: Connection refused (os error 111)[0m
    [2;3mat[0m src/auto_mount.rs:475

  [2m2026-01-30T21:30:19.999183Z[0m [33m WARN[0m [1;33mninep_server::auto_mount[0m[33m: [33mFailed to mount server 127.0.0.1:5642: Connection test failed: Connection refused (os error 111)[0m
    [2;3mat[0m src/auto_mount.rs:361

  [2m2026-01-30T21:30:20.093097Z[0m [34mDEBUG[0m [1;34mmdns_sd::service_daemon[0m[34m: [34mdel_interface: interface lo not found[0m
    [2;3mat[0m /home/scott/.cargo/registry/src/index.crates.io-1949cf8c6b5b557f/mdns-sd-0.15.1/src/service_daemon.rs:1503

  [2m2026-01-30T21:30:20.093154Z[0m [34mDEBUG[0m [1;34mmdns_sd::service_daemon[0m[34m: [34mdel_interface: interface lo not found[0m
    [2;3mat[0m /home/scott/.cargo/registry/src/index.crates.io-1949cf8c6b5b557f/mdns-sd-0.15.1/src/service_daemon.rs:1503

  [2m2026-01-30T21:30:23.000859Z[0m [34mDEBUG[0m [1;34mninep_server::mesh[0m[34m: [34mDHT empty, waiting for bootstrap peers[0m
    [2;3mat[0m src/mesh.rs:397

  [2m2026-01-30T21:30:25.097741Z[0m [34mDEBUG[0m [1;34mmdns_sd::service_daemon[0m[34m: [34mdel_interface: interface lo not found[0m
    [2;3mat[0m /home/scott/.cargo/registry/src/index.crates.io-1949cf8c6b5b557f/mdns-sd-0.15.1/src/service_daemon.rs:1503

  [2m2026-01-30T21:30:25.097900Z[0m [34mDEBUG[0m [1;34mmdns_sd::service_daemon[0m[34m: [34mdel_interface: interface lo not found[0m
    [2;3mat[0m /home/scott/.cargo/registry/src/index.crates.io-1949cf8c6b5b557f/mdns-sd-0.15.1/src/service_daemon.rs:1503

  [2m2026-01-30T21:30:30.123191Z[0m [34mDEBUG[0m [1;34mmdns_sd::service_daemon[0m[34m: [34mdel_interface: interface lo not found[0m
    [2;3mat[0m /home/scott/.cargo/registry/src/index.crates.io-1949cf8c6b5b557f/mdns-sd-0.15.1/src/service_daemon.rs:1503

  [2m2026-01-30T21:30:30.123250Z[0m [34mDEBUG[0m [1;34mmdns_sd::service_daemon[0m[34m: [34mdel_interface: interface lo not found[0m
    [2;3mat[0m /home/scott/.cargo/registry/src/index.crates.io-1949cf8c6b5b557f/mdns-sd-0.15.1/src/service_daemon.rs:1503

  [2m2026-01-30T21:30:35.147165Z[0m [34mDEBUG[0m [1;34mmdns_sd::service_daemon[0m[34m: [34mdel_interface: interface lo not found[0m
    [2;3mat[0m /home/scott/.cargo/registry/src/index.crates.io-1949cf8c6b5b557f/mdns-sd-0.15.1/src/service_daemon.rs:1503

  [2m2026-01-30T21:30:35.147223Z[0m [34mDEBUG[0m [1;34mmdns_sd::service_daemon[0m[34m: [34mdel_interface: interface lo not found[0m
    [2;3mat[0m /home/scott/.cargo/registry/src/index.crates.io-1949cf8c6b5b557f/mdns-sd-0.15.1/src/service_daemon.rs:1503

  [2m2026-01-30T21:30:40.171155Z[0m [34mDEBUG[0m [1;34mmdns_sd::service_daemon[0m[34m: [34mdel_interface: interface lo not found[0m
    [2;3mat[0m /home/scott/.cargo/registry/src/index.crates.io-1949cf8c6b5b557f/mdns-sd-0.15.1/src/service_daemon.rs:1503

  [2m2026-01-30T21:30:40.171210Z[0m [34mDEBUG[0m [1;34mmdns_sd::service_daemon[0m[34m: [34mdel_interface: interface lo not found[0m
    [2;3mat[0m /home/scott/.cargo/registry/src/index.crates.io-1949cf8c6b5b557f/mdns-sd-0.15.1/src/service_daemon.rs:1503

  [2m2026-01-30T21:30:45.173027Z[0m [34mDEBUG[0m [1;34mmdns_sd::service_daemon[0m[34m: [34mdel_interface: interface lo not found[0m
    [2;3mat[0m /home/scott/.cargo/registry/src/index.crates.io-1949cf8c6b5b557f/mdns-sd-0.15.1/src/service_daemon.rs:1503

  [2m2026-01-30T21:30:45.173070Z[0m [34mDEBUG[0m [1;34mmdns_sd::service_daemon[0m[34m: [34mdel_interface: interface lo not found[0m
    [2;3mat[0m /home/scott/.cargo/registry/src/index.crates.io-1949cf8c6b5b557f/mdns-sd-0.15.1/src/service_daemon.rs:1503

  [2m2026-01-30T21:30:49.999006Z[0m [34mDEBUG[0m [1;34mninep_server::auto_mount[0m[34m: [34mStarting server discovery and auto-mount cycle[0m
    [2;3mat[0m src/auto_mount.rs:324

  [2m2026-01-30T21:30:49.999038Z[0m [34mDEBUG[0m [1;34mninep_server::auto_mount[0m[34m: [34mMounting server 127.0.0.1:5640 at "/home/scott/n/127_0_0_1_port_5640"[0m
    [2;3mat[0m src/auto_mount.rs:413

  [2m2026-01-30T21:30:49.999048Z[0m [34mDEBUG[0m [1;34mninep_server::auto_mount[0m[34m: [34mEstablishing Tcp connection to 127.0.0.1:5640[0m
    [2;3mat[0m src/auto_mount.rs:457

  [2m2026-01-30T21:30:49.999052Z[0m [32m INFO[0m [1;32mninep_server::transport::tcp[0m[32m: [32mInitializing legacy TCP transport[0m
    [2;3mat[0m src/transport/tcp.rs:22

  [2m2026-01-30T21:30:49.999056Z[0m [34mDEBUG[0m [1;34mninep_server::transport::tcp[0m[34m: [34mConnecting to 127.0.0.1:5640 via TCP[0m
    [2;3mat[0m src/transport/tcp.rs:36

  [2m2026-01-30T21:30:49.999141Z[0m [31mERROR[0m [1;31mninep_server::auto_mount[0m[31m: [31mConnection test failed: Connection refused (os error 111)[0m
    [2;3mat[0m src/auto_mount.rs:475

  [2m2026-01-30T21:30:49.999155Z[0m [33m WARN[0m [1;33mninep_server::auto_mount[0m[33m: [33mFailed to mount server 127.0.0.1:5640: Connection test failed: Connection refused (os error 111)[0m
    [2;3mat[0m src/auto_mount.rs:361

  [2m2026-01-30T21:30:49.999163Z[0m [34mDEBUG[0m [1;34mninep_server::auto_mount[0m[34m: [34mMounting server 127.0.0.1:5641 at "/home/scott/n/127_0_0_1_port_5641"[0m
    [2;3mat[0m src/auto_mount.rs:413

  [2m2026-01-30T21:30:49.999171Z[0m [34mDEBUG[0m [1;34mninep_server::auto_mount[0m[34m: [34mEstablishing Tcp connection to 127.0.0.1:5641[0m
    [2;3mat[0m src/auto_mount.rs:457

  [2m2026-01-30T21:30:49.999174Z[0m [32m INFO[0m [1;32mninep_server::transport::tcp[0m[32m: [32mInitializing legacy TCP transport[0m
    [2;3mat[0m src/transport/tcp.rs:22

  [2m2026-01-30T21:30:49.999177Z[0m [34mDEBUG[0m [1;34mninep_server::transport::tcp[0m[34m: [34mConnecting to 127.0.0.1:5641 via TCP[0m
    [2;3mat[0m src/transport/tcp.rs:36

  [2m2026-01-30T21:30:49.999225Z[0m [31mERROR[0m [1;31mninep_server::auto_mount[0m[31m: [31mConnection test failed: Connection refused (os error 111)[0m
    [2;3mat[0m src/auto_mount.rs:475

  [2m2026-01-30T21:30:49.999231Z[0m [33m WARN[0m [1;33mninep_server::auto_mount[0m[33m: [33mFailed to mount server 127.0.0.1:5641: Connection test failed: Connection refused (os error 111)[0m
    [2;3mat[0m src/auto_mount.rs:361

  [2m2026-01-30T21:30:49.999236Z[0m [34mDEBUG[0m [1;34mninep_server::auto_mount[0m[34m: [34mMounting server 127.0.0.1:5642 at "/home/scott/n/127_0_0_1_port_5642"[0m
    [2;3mat[0m src/auto_mount.rs:413

  [2m2026-01-30T21:30:49.999241Z[0m [34mDEBUG[0m [1;34mninep_server::auto_mount[0m[34m: [34mEstablishing Tcp connection to 127.0.0.1:5642[0m
    [2;3mat[0m src/auto_mount.rs:457

  [2m2026-01-30T21:30:49.999244Z[0m [32m INFO[0m [1;32mninep_server::transport::tcp[0m[32m: [32mInitializing legacy TCP transport[0m
    [2;3mat[0m src/transport/tcp.rs:22

  [2m2026-01-30T21:30:49.999246Z[0m [34mDEBUG[0m [1;34mninep_server::transport::tcp[0m[34m: [34mConnecting to 127.0.0.1:5642 via TCP[0m
    [2;3mat[0m src/transport/tcp.rs:36

  [2m2026-01-30T21:30:49.999269Z[0m [31mERROR[0m [1;31mninep_server::auto_mount[0m[31m: [31mConnection test failed: Connection refused (os error 111)[0m
    [2;3mat[0m src/auto_mount.rs:475

  [2m2026-01-30T21:30:49.999274Z[0m [33m WARN[0m [1;33mninep_server::auto_mount[0m[33m: [33mFailed to mount server 127.0.0.1:5642: Connection test failed: Connection refused (os error 111)[0m
    [2;3mat[0m src/auto_mount.rs:361

  [2m2026-01-30T21:30:50.183969Z[0m [34mDEBUG[0m [1;34mmdns_sd::service_daemon[0m[34m: [34mdel_interface: interface lo not found[0m
    [2;3mat[0m /home/scott/.cargo/registry/src/index.crates.io-1949cf8c6b5b557f/mdns-sd-0.15.1/src/service_daemon.rs:1503

  [2m2026-01-30T21:30:50.183994Z[0m [34mDEBUG[0m [1;34mmdns_sd::service_daemon[0m[34m: [34mdel_interface: interface lo not found[0m
    [2;3mat[0m /home/scott/.cargo/registry/src/index.crates.io-1949cf8c6b5b557f/mdns-sd-0.15.1/src/service_daemon.rs:1503

  [2m2026-01-30T21:30:53.000618Z[0m [34mDEBUG[0m [1;34mninep_server::mesh[0m[34m: [34mDHT empty, waiting for bootstrap peers[0m
    [2;3mat[0m src/mesh.rs:397

  [2m2026-01-30T21:30:55.185060Z[0m [34mDEBUG[0m [1;34mmdns_sd::service_daemon[0m[34m: [34mdel_interface: interface lo not found[0m
    [2;3mat[0m /home/scott/.cargo/registry/src/index.crates.io-1949cf8c6b5b557f/mdns-sd-0.15.1/src/service_daemon.rs:1503

  [2m2026-01-30T21:30:55.185132Z[0m [34mDEBUG[0m [1;34mmdns_sd::service_daemon[0m[34m: [34mdel_interface: interface lo not found[0m
    [2;3mat[0m /home/scott/.cargo/registry/src/index.crates.io-1949cf8c6b5b557f/mdns-sd-0.15.1/src/service_daemon.rs:1503

  [2m2026-01-30T21:31:00.201167Z[0m [34mDEBUG[0m [1;34mmdns_sd::service_daemon[0m[34m: [34mdel_interface: interface lo not found[0m
    [2;3mat[0m /home/scott/.cargo/registry/src/index.crates.io-1949cf8c6b5b557f/mdns-sd-0.15.1/src/service_daemon.rs:1503

  [2m2026-01-30T21:31:00.201234Z[0m [34mDEBUG[0m [1;34mmdns_sd::service_daemon[0m[34m: [34mdel_interface: interface lo not found[0m
    [2;3mat[0m /home/scott/.cargo/registry/src/index.crates.io-1949cf8c6b5b557f/mdns-sd-0.15.1/src/service_daemon.rs:1503

  [2m2026-01-30T21:31:05.212734Z[0m [34mDEBUG[0m [1;34mmdns_sd::service_daemon[0m[34m: [34mdel_interface: interface lo not found[0m
    [2;3mat[0m /home/scott/.cargo/registry/src/index.crates.io-1949cf8c6b5b557f/mdns-sd-0.15.1/src/service_daemon.rs:1503

  [2m2026-01-30T21:31:05.212838Z[0m [34mDEBUG[0m [1;34mmdns_sd::service_daemon[0m[34m: [34mdel_interface: interface lo not found[0m
    [2;3mat[0m /home/scott/.cargo/registry/src/index.crates.io-1949cf8c6b5b557f/mdns-sd-0.15.1/src/service_daemon.rs:1503

  [2m2026-01-30T21:31:10.238144Z[0m [34mDEBUG[0m [1;34mmdns_sd::service_daemon[0m[34m: [34mdel_interface: interface lo not found[0m
    [2;3mat[0m /home/scott/.cargo/registry/src/index.crates.io-1949cf8c6b5b557f/mdns-sd-0.15.1/src/service_daemon.rs:1503

  [2m2026-01-30T21:31:10.238204Z[0m [34mDEBUG[0m [1;34mmdns_sd::service_daemon[0m[34m: [34mdel_interface: interface lo not found[0m
    [2;3mat[0m /home/scott/.cargo/registry/src/index.crates.io-1949cf8c6b5b557f/mdns-sd-0.15.1/src/service_daemon.rs:1503

  [2m2026-01-30T21:31:12.291753Z[0m [34mDEBUG[0m [1;34mmdns_sd::service_daemon[0m[34m: [34mhandle_read: no interface found for pktinfo if_index: 1[0m
    [2;3mat[0m /home/scott/.cargo/registry/src/index.crates.io-1949cf8c6b5b557f/mdns-sd-0.15.1/src/service_daemon.rs:1997

  [2m2026-01-30T21:31:15.242262Z[0m [34mDEBUG[0m [1;34mmdns_sd::service_daemon[0m[34m: [34mdel_interface: interface lo not found[0m
    [2;3mat[0m /home/scott/.cargo/registry/src/index.crates.io-1949cf8c6b5b557f/mdns-sd-0.15.1/src/service_daemon.rs:1503

  [2m2026-01-30T21:31:15.242317Z[0m [34mDEBUG[0m [1;34mmdns_sd::service_daemon[0m[34m: [34mdel_interface: interface lo not found[0m
    [2;3mat[0m /home/scott/.cargo/registry/src/index.crates.io-1949cf8c6b5b557f/mdns-sd-0.15.1/src/service_daemon.rs:1503

  [2m2026-01-30T21:31:20.013839Z[0m [34mDEBUG[0m [1;34mninep_server::auto_mount[0m[34m: [34mStarting server discovery and auto-mount cycle[0m
    [2;3mat[0m src/auto_mount.rs:324

  [2m2026-01-30T21:31:20.013938Z[0m [34mDEBUG[0m [1;34mninep_server::auto_mount[0m[34m: [34mMounting server 127.0.0.1:5640 at "/home/scott/n/127_0_0_1_port_5640"[0m
    [2;3mat[0m src/auto_mount.rs:413

  [2m2026-01-30T21:31:20.014013Z[0m [34mDEBUG[0m [1;34mninep_server::auto_mount[0m[34m: [34mEstablishing Tcp connection to 127.0.0.1:5640[0m
    [2;3mat[0m src/auto_mount.rs:457

  [2m2026-01-30T21:31:20.014029Z[0m [32m INFO[0m [1;32mninep_server::transport::tcp[0m[32m: [32mInitializing legacy TCP transport[0m
    [2;3mat[0m src/transport/tcp.rs:22

  [2m2026-01-30T21:31:20.014044Z[0m [34mDEBUG[0m [1;34mninep_server::transport::tcp[0m[34m: [34mConnecting to 127.0.0.1:5640 via TCP[0m
    [2;3mat[0m src/transport/tcp.rs:36

  [2m2026-01-30T21:31:20.014260Z[0m [31mERROR[0m [1;31mninep_server::auto_mount[0m[31m: [31mConnection test failed: Connection refused (os error 111)[0m
    [2;3mat[0m src/auto_mount.rs:475

  [2m2026-01-30T21:31:20.014295Z[0m [33m WARN[0m [1;33mninep_server::auto_mount[0m[33m: [33mFailed to mount server 127.0.0.1:5640: Connection test failed: Connection refused (os error 111)[0m
    [2;3mat[0m src/auto_mount.rs:361

  [2m2026-01-30T21:31:20.014322Z[0m [34mDEBUG[0m [1;34mninep_server::auto_mount[0m[34m: [34mMounting server 127.0.0.1:5641 at "/home/scott/n/127_0_0_1_port_5641"[0m
    [2;3mat[0m src/auto_mount.rs:413

  [2m2026-01-30T21:31:20.014346Z[0m [34mDEBUG[0m [1;34mninep_server::auto_mount[0m[34m: [34mEstablishing Tcp connection to 127.0.0.1:5641[0m
    [2;3mat[0m src/auto_mount.rs:457

  [2m2026-01-30T21:31:20.014357Z[0m [32m INFO[0m [1;32mninep_server::transport::tcp[0m[32m: [32mInitializing legacy TCP transport[0m
    [2;3mat[0m src/transport/tcp.rs:22

  [2m2026-01-30T21:31:20.014369Z[0m [34mDEBUG[0m [1;34mninep_server::transport::tcp[0m[34m: [34mConnecting to 127.0.0.1:5641 via TCP[0m
    [2;3mat[0m src/transport/tcp.rs:36

  [2m2026-01-30T21:31:20.014468Z[0m [31mERROR[0m [1;31mninep_server::auto_mount[0m[31m: [31mConnection test failed: Connection refused (os error 111)[0m
    [2;3mat[0m src/auto_mount.rs:475

  [2m2026-01-30T21:31:20.014490Z[0m [33m WARN[0m [1;33mninep_server::auto_mount[0m[33m: [33mFailed to mount server 127.0.0.1:5641: Connection test failed: Connection refused (os error 111)[0m
    [2;3mat[0m src/auto_mount.rs:361

  [2m2026-01-30T21:31:20.014510Z[0m [34mDEBUG[0m [1;34mninep_server::auto_mount[0m[34m: [34mMounting server 127.0.0.1:5642 at "/home/scott/n/127_0_0_1_port_5642"[0m
    [2;3mat[0m src/auto_mount.rs:413

  [2m2026-01-30T21:31:20.014531Z[0m [34mDEBUG[0m [1;34mninep_server::auto_mount[0m[34m: [34mEstablishing Tcp connection to 127.0.0.1:5642[0m
    [2;3mat[0m src/auto_mount.rs:457

  [2m2026-01-30T21:31:20.014541Z[0m [32m INFO[0m [1;32mninep_server::transport::tcp[0m[32m: [32mInitializing legacy TCP transport[0m
    [2;3mat[0m src/transport/tcp.rs:22

  [2m2026-01-30T21:31:20.014552Z[0m [34mDEBUG[0m [1;34mninep_server::transport::tcp[0m[34m: [34mConnecting to 127.0.0.1:5642 via TCP[0m
    [2;3mat[0m src/transport/tcp.rs:36

  [2m2026-01-30T21:31:20.014633Z[0m [31mERROR[0m [1;31mninep_server::auto_mount[0m[31m: [31mConnection test failed: Connection refused (os error 111)[0m
    [2;3mat[0m src/auto_mount.rs:475

  [2m2026-01-30T21:31:20.014653Z[0m [33m WARN[0m [1;33mninep_server::auto_mount[0m[33m: [33mFailed to mount server 127.0.0.1:5642: Connection test failed: Connection refused (os error 111)[0m
    [2;3mat[0m src/auto_mount.rs:361

  [2m2026-01-30T21:31:20.254153Z[0m [34mDEBUG[0m [1;34mmdns_sd::service_daemon[0m[34m: [34mdel_interface: interface lo not found[0m
    [2;3mat[0m /home/scott/.cargo/registry/src/index.crates.io-1949cf8c6b5b557f/mdns-sd-0.15.1/src/service_daemon.rs:1503

  [2m2026-01-30T21:31:20.254209Z[0m [34mDEBUG[0m [1;34mmdns_sd::service_daemon[0m[34m: [34mdel_interface: interface lo not found[0m
    [2;3mat[0m /home/scott/.cargo/registry/src/index.crates.io-1949cf8c6b5b557f/mdns-sd-0.15.1/src/service_daemon.rs:1503

  [2m2026-01-30T21:31:23.000972Z[0m [34mDEBUG[0m [1;34mninep_server::mesh[0m[34m: [34mDHT empty, waiting for bootstrap peers[0m
    [2;3mat[0m src/mesh.rs:397

  [2m2026-01-30T21:31:25.259933Z[0m [34mDEBUG[0m [1;34mmdns_sd::service_daemon[0m[34m: [34mdel_interface: interface lo not found[0m
    [2;3mat[0m /home/scott/.cargo/registry/src/index.crates.io-1949cf8c6b5b557f/mdns-sd-0.15.1/src/service_daemon.rs:1503

  [2m2026-01-30T21:31:25.259949Z[0m [34mDEBUG[0m [1;34mmdns_sd::service_daemon[0m[34m: [34mdel_interface: interface lo not found[0m
    [2;3mat[0m /home/scott/.cargo/registry/src/index.crates.io-1949cf8c6b5b557f/mdns-sd-0.15.1/src/service_daemon.rs:1503

  [2m2026-01-30T21:31:30.267217Z[0m [34mDEBUG[0m [1;34mmdns_sd::service_daemon[0m[34m: [34mdel_interface: interface lo not found[0m
    [2;3mat[0m /home/scott/.cargo/registry/src/index.crates.io-1949cf8c6b5b557f/mdns-sd-0.15.1/src/service_daemon.rs:1503

  [2m2026-01-30T21:31:30.267237Z[0m [34mDEBUG[0m [1;34mmdns_sd::service_daemon[0m[34m: [34mdel_interface: interface lo not found[0m
    [2;3mat[0m /home/scott/.cargo/registry/src/index.crates.io-1949cf8c6b5b557f/mdns-sd-0.15.1/src/service_daemon.rs:1503

  [2m2026-01-30T21:31:35.292692Z[0m [34mDEBUG[0m [1;34mmdns_sd::service_daemon[0m[34m: [34mdel_interface: interface lo not found[0m
    [2;3mat[0m /home/scott/.cargo/registry/src/index.crates.io-1949cf8c6b5b557f/mdns-sd-0.15.1/src/service_daemon.rs:1503

  [2m2026-01-30T21:31:35.292753Z[0m [34mDEBUG[0m [1;34mmdns_sd::service_daemon[0m[34m: [34mdel_interface: interface lo not found[0m
    [2;3mat[0m /home/scott/.cargo/registry/src/index.crates.io-1949cf8c6b5b557f/mdns-sd-0.15.1/src/service_daemon.rs:1503

  [2m2026-01-30T21:31:40.316940Z[0m [34mDEBUG[0m [1;34mmdns_sd::service_daemon[0m[34m: [34mdel_interface: interface lo not found[0m
    [2;3mat[0m /home/scott/.cargo/registry/src/index.crates.io-1949cf8c6b5b557f/mdns-sd-0.15.1/src/service_daemon.rs:1503

  [2m2026-01-30T21:31:40.316963Z[0m [34mDEBUG[0m [1;34mmdns_sd::service_daemon[0m[34m: [34mdel_interface: interface lo not found[0m
    [2;3mat[0m /home/scott/.cargo/registry/src/index.crates.io-1949cf8c6b5b557f/mdns-sd-0.15.1/src/service_daemon.rs:1503

  [2m2026-01-30T21:31:45.342231Z[0m [34mDEBUG[0m [1;34mmdns_sd::service_daemon[0m[34m: [34mdel_interface: interface lo not found[0m
    [2;3mat[0m /home/scott/.cargo/registry/src/index.crates.io-1949cf8c6b5b557f/mdns-sd-0.15.1/src/service_daemon.rs:1503

  [2m2026-01-30T21:31:45.342290Z[0m [34mDEBUG[0m [1;34mmdns_sd::service_daemon[0m[34m: [34mdel_interface: interface lo not found[0m
    [2;3mat[0m /home/scott/.cargo/registry/src/index.crates.io-1949cf8c6b5b557f/mdns-sd-0.15.1/src/service_daemon.rs:1503

  [2m2026-01-30T21:31:49.999851Z[0m [34mDEBUG[0m [1;34mninep_server::auto_mount[0m[34m: [34mStarting server discovery and auto-mount cycle[0m
    [2;3mat[0m src/auto_mount.rs:324

  [2m2026-01-30T21:31:50.000107Z[0m [34mDEBUG[0m [1;34mninep_server::auto_mount[0m[34m: [34mMounting server 127.0.0.1:5640 at "/home/scott/n/127_0_0_1_port_5640"[0m
    [2;3mat[0m src/auto_mount.rs:413

  [2m2026-01-30T21:31:50.000166Z[0m [34mDEBUG[0m [1;34mninep_server::auto_mount[0m[34m: [34mEstablishing Tcp connection to 127.0.0.1:5640[0m
    [2;3mat[0m src/auto_mount.rs:457

  [2m2026-01-30T21:31:50.000178Z[0m [32m INFO[0m [1;32mninep_server::transport::tcp[0m[32m: [32mInitializing legacy TCP transport[0m
    [2;3mat[0m src/transport/tcp.rs:22

  [2m2026-01-30T21:31:50.000190Z[0m [34mDEBUG[0m [1;34mninep_server::transport::tcp[0m[34m: [34mConnecting to 127.0.0.1:5640 via TCP[0m
    [2;3mat[0m src/transport/tcp.rs:36

  [2m2026-01-30T21:31:50.000473Z[0m [31mERROR[0m [1;31mninep_server::auto_mount[0m[31m: [31mConnection test failed: Connection refused (os error 111)[0m
    [2;3mat[0m src/auto_mount.rs:475

  [2m2026-01-30T21:31:50.000528Z[0m [33m WARN[0m [1;33mninep_server::auto_mount[0m[33m: [33mFailed to mount server 127.0.0.1:5640: Connection test failed: Connection refused (os error 111)[0m
    [2;3mat[0m src/auto_mount.rs:361

  [2m2026-01-30T21:31:50.000580Z[0m [34mDEBUG[0m [1;34mninep_server::auto_mount[0m[34m: [34mMounting server 127.0.0.1:5641 at "/home/scott/n/127_0_0_1_port_5641"[0m
    [2;3mat[0m src/auto_mount.rs:413

  [2m2026-01-30T21:31:50.000604Z[0m [34mDEBUG[0m [1;34mninep_server::auto_mount[0m[34m: [34mEstablishing Tcp connection to 127.0.0.1:5641[0m
    [2;3mat[0m src/auto_mount.rs:457

  [2m2026-01-30T21:31:50.000611Z[0m [32m INFO[0m [1;32mninep_server::transport::tcp[0m[32m: [32mInitializing legacy TCP transport[0m
    [2;3mat[0m src/transport/tcp.rs:22

  [2m2026-01-30T21:31:50.000620Z[0m [34mDEBUG[0m [1;34mninep_server::transport::tcp[0m[34m: [34mConnecting to 127.0.0.1:5641 via TCP[0m
    [2;3mat[0m src/transport/tcp.rs:36

  [2m2026-01-30T21:31:50.000741Z[0m [31mERROR[0m [1;31mninep_server::auto_mount[0m[31m: [31mConnection test failed: Connection refused (os error 111)[0m
    [2;3mat[0m src/auto_mount.rs:475

  [2m2026-01-30T21:31:50.000752Z[0m [33m WARN[0m [1;33mninep_server::auto_mount[0m[33m: [33mFailed to mount server 127.0.0.1:5641: Connection test failed: Connection refused (os error 111)[0m
    [2;3mat[0m src/auto_mount.rs:361

  [2m2026-01-30T21:31:50.000765Z[0m [34mDEBUG[0m [1;34mninep_server::auto_mount[0m[34m: [34mMounting server 127.0.0.1:5642 at "/home/scott/n/127_0_0_1_port_5642"[0m
    [2;3mat[0m src/auto_mount.rs:413

  [2m2026-01-30T21:31:50.000777Z[0m [34mDEBUG[0m [1;34mninep_server::auto_mount[0m[34m: [34mEstablishing Tcp connection to 127.0.0.1:5642[0m
    [2;3mat[0m src/auto_mount.rs:457

  [2m2026-01-30T21:31:50.000852Z[0m [32m INFO[0m [1;32mninep_server::transport::tcp[0m[32m: [32mInitializing legacy TCP transport[0m
    [2;3mat[0m src/transport/tcp.rs:22

  [2m2026-01-30T21:31:50.000859Z[0m [34mDEBUG[0m [1;34mninep_server::transport::tcp[0m[34m: [34mConnecting to 127.0.0.1:5642 via TCP[0m
    [2;3mat[0m src/transport/tcp.rs:36

  [2m2026-01-30T21:31:50.000905Z[0m [31mERROR[0m [1;31mninep_server::auto_mount[0m[31m: [31mConnection test failed: Connection refused (os error 111)[0m
    [2;3mat[0m src/auto_mount.rs:475

  [2m2026-01-30T21:31:50.000914Z[0m [33m WARN[0m [1;33mninep_server::auto_mount[0m[33m: [33mFailed to mount server 127.0.0.1:5642: Connection test failed: Connection refused (os error 111)[0m
    [2;3mat[0m src/auto_mount.rs:361

  [2m2026-01-30T21:31:50.366186Z[0m [34mDEBUG[0m [1;34mmdns_sd::service_daemon[0m[34m: [34mdel_interface: interface lo not found[0m
    [2;3mat[0m /home/scott/.cargo/registry/src/index.crates.io-1949cf8c6b5b557f/mdns-sd-0.15.1/src/service_daemon.rs:1503

  [2m2026-01-30T21:31:50.366230Z[0m [34mDEBUG[0m [1;34mmdns_sd::service_daemon[0m[34m: [34mdel_interface: interface lo not found[0m
    [2;3mat[0m /home/scott/.cargo/registry/src/index.crates.io-1949cf8c6b5b557f/mdns-sd-0.15.1/src/service_daemon.rs:1503

  [2m2026-01-30T21:31:53.001075Z[0m [34mDEBUG[0m [1;34mninep_server::mesh[0m[34m: [34mDHT empty, waiting for bootstrap peers[0m
    [2;3mat[0m src/mesh.rs:397

  [2m2026-01-30T21:31:55.390174Z[0m [34mDEBUG[0m [1;34mmdns_sd::service_daemon[0m[34m: [34mdel_interface: interface lo not found[0m
    [2;3mat[0m /home/scott/.cargo/registry/src/index.crates.io-1949cf8c6b5b557f/mdns-sd-0.15.1/src/service_daemon.rs:1503

  [2m2026-01-30T21:31:55.390227Z[0m [34mDEBUG[0m [1;34mmdns_sd::service_daemon[0m[34m: [34mdel_interface: interface lo not found[0m
    [2;3mat[0m /home/scott/.cargo/registry/src/index.crates.io-1949cf8c6b5b557f/mdns-sd-0.15.1/src/service_daemon.rs:1503

  [2m2026-01-30T21:32:00.405943Z[0m [34mDEBUG[0m [1;34mmdns_sd::service_daemon[0m[34m: [34mdel_interface: interface lo not found[0m
    [2;3mat[0m /home/scott/.cargo/registry/src/index.crates.io-1949cf8c6b5b557f/mdns-sd-0.15.1/src/service_daemon.rs:1503

  [2m2026-01-30T21:32:00.405964Z[0m [34mDEBUG[0m [1;34mmdns_sd::service_daemon[0m[34m: [34mdel_interface: interface lo not found[0m
    [2;3mat[0m /home/scott/.cargo/registry/src/index.crates.io-1949cf8c6b5b557f/mdns-sd-0.15.1/src/service_daemon.rs:1503

  [2m2026-01-30T21:32:05.431164Z[0m [34mDEBUG[0m [1;34mmdns_sd::service_daemon[0m[34m: [34mdel_interface: interface lo not found[0m
    [2;3mat[0m /home/scott/.cargo/registry/src/index.crates.io-1949cf8c6b5b557f/mdns-sd-0.15.1/src/service_daemon.rs:1503

  [2m2026-01-30T21:32:05.431219Z[0m [34mDEBUG[0m [1;34mmdns_sd::service_daemon[0m[34m: [34mdel_interface: interface lo not found[0m
    [2;3mat[0m /home/scott/.cargo/registry/src/index.crates.io-1949cf8c6b5b557f/mdns-sd-0.15.1/src/service_daemon.rs:1503

  [2m2026-01-30T21:32:10.454967Z[0m [34mDEBUG[0m [1;34mmdns_sd::service_daemon[0m[34m: [34mdel_interface: interface lo not found[0m
    [2;3mat[0m /home/scott/.cargo/registry/src/index.crates.io-1949cf8c6b5b557f/mdns-sd-0.15.1/src/service_daemon.rs:1503

  [2m2026-01-30T21:32:10.454985Z[0m [34mDEBUG[0m [1;34mmdns_sd::service_daemon[0m[34m: [34mdel_interface: interface lo not found[0m
    [2;3mat[0m /home/scott/.cargo/registry/src/index.crates.io-1949cf8c6b5b557f/mdns-sd-0.15.1/src/service_daemon.rs:1503

  [2m2026-01-30T21:32:15.475820Z[0m [34mDEBUG[0m [1;34mmdns_sd::service_daemon[0m[34m: [34mdel_interface: interface lo not found[0m
    [2;3mat[0m /home/scott/.cargo/registry/src/index.crates.io-1949cf8c6b5b557f/mdns-sd-0.15.1/src/service_daemon.rs:1503

  [2m2026-01-30T21:32:15.476010Z[0m [34mDEBUG[0m [1;34mmdns_sd::service_daemon[0m[34m: [34mdel_interface: interface lo not found[0m
    [2;3mat[0m /home/scott/.cargo/registry/src/index.crates.io-1949cf8c6b5b557f/mdns-sd-0.15.1/src/service_daemon.rs:1503

  [2m2026-01-30T21:32:19.999196Z[0m [34mDEBUG[0m [1;34mninep_server::auto_mount[0m[34m: [34mStarting server discovery and auto-mount cycle[0m
    [2;3mat[0m src/auto_mount.rs:324

  [2m2026-01-30T21:32:19.999285Z[0m [34mDEBUG[0m [1;34mninep_server::auto_mount[0m[34m: [34mMounting server 127.0.0.1:5640 at "/home/scott/n/127_0_0_1_port_5640"[0m
    [2;3mat[0m src/auto_mount.rs:413

  [2m2026-01-30T21:32:19.999316Z[0m [34mDEBUG[0m [1;34mninep_server::auto_mount[0m[34m: [34mEstablishing Tcp connection to 127.0.0.1:5640[0m
    [2;3mat[0m src/auto_mount.rs:457

  [2m2026-01-30T21:32:19.999325Z[0m [32m INFO[0m [1;32mninep_server::transport::tcp[0m[32m: [32mInitializing legacy TCP transport[0m
    [2;3mat[0m src/transport/tcp.rs:22

  [2m2026-01-30T21:32:19.999336Z[0m [34mDEBUG[0m [1;34mninep_server::transport::tcp[0m[34m: [34mConnecting to 127.0.0.1:5640 via TCP[0m
    [2;3mat[0m src/transport/tcp.rs:36

  [2m2026-01-30T21:32:19.999523Z[0m [31mERROR[0m [1;31mninep_server::auto_mount[0m[31m: [31mConnection test failed: Connection refused (os error 111)[0m
    [2;3mat[0m src/auto_mount.rs:475

  [2m2026-01-30T21:32:19.999549Z[0m [33m WARN[0m [1;33mninep_server::auto_mount[0m[33m: [33mFailed to mount server 127.0.0.1:5640: Connection test failed: Connection refused (os error 111)[0m
    [2;3mat[0m src/auto_mount.rs:361

  [2m2026-01-30T21:32:19.999566Z[0m [34mDEBUG[0m [1;34mninep_server::auto_mount[0m[34m: [34mMounting server 127.0.0.1:5641 at "/home/scott/n/127_0_0_1_port_5641"[0m
    [2;3mat[0m src/auto_mount.rs:413

  [2m2026-01-30T21:32:19.999581Z[0m [34mDEBUG[0m [1;34mninep_server::auto_mount[0m[34m: [34mEstablishing Tcp connection to 127.0.0.1:5641[0m
    [2;3mat[0m src/auto_mount.rs:457

  [2m2026-01-30T21:32:19.999588Z[0m [32m INFO[0m [1;32mninep_server::transport::tcp[0m[32m: [32mInitializing legacy TCP transport[0m
    [2;3mat[0m src/transport/tcp.rs:22

  [2m2026-01-30T21:32:19.999597Z[0m [34mDEBUG[0m [1;34mninep_server::transport::tcp[0m[34m: [34mConnecting to 127.0.0.1:5641 via TCP[0m
    [2;3mat[0m src/transport/tcp.rs:36

  [2m2026-01-30T21:32:19.999643Z[0m [31mERROR[0m [1;31mninep_server::auto_mount[0m[31m: [31mConnection test failed: Connection refused (os error 111)[0m
    [2;3mat[0m src/auto_mount.rs:475

  [2m2026-01-30T21:32:19.999675Z[0m [33m WARN[0m [1;33mninep_server::auto_mount[0m[33m: [33mFailed to mount server 127.0.0.1:5641: Connection test failed: Connection refused (os error 111)[0m
    [2;3mat[0m src/auto_mount.rs:361

  [2m2026-01-30T21:32:19.999690Z[0m [34mDEBUG[0m [1;34mninep_server::auto_mount[0m[34m: [34mMounting server 127.0.0.1:5642 at "/home/scott/n/127_0_0_1_port_5642"[0m
    [2;3mat[0m src/auto_mount.rs:413

  [2m2026-01-30T21:32:19.999706Z[0m [34mDEBUG[0m [1;34mninep_server::auto_mount[0m[34m: [34mEstablishing Tcp connection to 127.0.0.1:5642[0m
    [2;3mat[0m src/auto_mount.rs:457

  [2m2026-01-30T21:32:19.999715Z[0m [32m INFO[0m [1;32mninep_server::transport::tcp[0m[32m: [32mInitializing legacy TCP transport[0m
    [2;3mat[0m src/transport/tcp.rs:22

  [2m2026-01-30T21:32:19.999723Z[0m [34mDEBUG[0m [1;34mninep_server::transport::tcp[0m[34m: [34mConnecting to 127.0.0.1:5642 via TCP[0m
    [2;3mat[0m src/transport/tcp.rs:36

  [2m2026-01-30T21:32:19.999779Z[0m [31mERROR[0m [1;31mninep_server::auto_mount[0m[31m: [31mConnection test failed: Connection refused (os error 111)[0m
    [2;3mat[0m src/auto_mount.rs:475

  [2m2026-01-30T21:32:19.999839Z[0m [33m WARN[0m [1;33mninep_server::auto_mount[0m[33m: [33mFailed to mount server 127.0.0.1:5642: Connection test failed: Connection refused (os error 111)[0m
    [2;3mat[0m src/auto_mount.rs:361

  [2m2026-01-30T21:32:20.499960Z[0m [34mDEBUG[0m [1;34mmdns_sd::service_daemon[0m[34m: [34mdel_interface: interface lo not found[0m
    [2;3mat[0m /home/scott/.cargo/registry/src/index.crates.io-1949cf8c6b5b557f/mdns-sd-0.15.1/src/service_daemon.rs:1503

  [2m2026-01-30T21:32:20.499983Z[0m [34mDEBUG[0m [1;34mmdns_sd::service_daemon[0m[34m: [34mdel_interface: interface lo not found[0m
    [2;3mat[0m /home/scott/.cargo/registry/src/index.crates.io-1949cf8c6b5b557f/mdns-sd-0.15.1/src/service_daemon.rs:1503

  [2m2026-01-30T21:32:23.001000Z[0m [34mDEBUG[0m [1;34mninep_server::mesh[0m[34m: [34mDHT empty, waiting for bootstrap peers[0m
    [2;3mat[0m src/mesh.rs:397

  [2m2026-01-30T21:32:25.505691Z[0m [34mDEBUG[0m [1;34mmdns_sd::service_daemon[0m[34m: [34mdel_interface: interface lo not found[0m
    [2;3mat[0m /home/scott/.cargo/registry/src/index.crates.io-1949cf8c6b5b557f/mdns-sd-0.15.1/src/service_daemon.rs:1503

  [2m2026-01-30T21:32:25.505746Z[0m [34mDEBUG[0m [1;34mmdns_sd::service_daemon[0m[34m: [34mdel_interface: interface lo not found[0m
    [2;3mat[0m /home/scott/.cargo/registry/src/index.crates.io-1949cf8c6b5b557f/mdns-sd-0.15.1/src/service_daemon.rs:1503

  [2m2026-01-30T21:32:30.517153Z[0m [34mDEBUG[0m [1;34mmdns_sd::service_daemon[0m[34m: [34mdel_interface: interface lo not found[0m
    [2;3mat[0m /home/scott/.cargo/registry/src/index.crates.io-1949cf8c6b5b557f/mdns-sd-0.15.1/src/service_daemon.rs:1503

  [2m2026-01-30T21:32:30.517207Z[0m [34mDEBUG[0m [1;34mmdns_sd::service_daemon[0m[34m: [34mdel_interface: interface lo not found[0m
    [2;3mat[0m /home/scott/.cargo/registry/src/index.crates.io-1949cf8c6b5b557f/mdns-sd-0.15.1/src/service_daemon.rs:1503

  [2m2026-01-30T21:32:35.519937Z[0m [34mDEBUG[0m [1;34mmdns_sd::service_daemon[0m[34m: [34mdel_interface: interface lo not found[0m
    [2;3mat[0m /home/scott/.cargo/registry/src/index.crates.io-1949cf8c6b5b557f/mdns-sd-0.15.1/src/service_daemon.rs:1503

  [2m2026-01-30T21:32:35.519959Z[0m [34mDEBUG[0m [1;34mmdns_sd::service_daemon[0m[34m: [34mdel_interface: interface lo not found[0m
    [2;3mat[0m /home/scott/.cargo/registry/src/index.crates.io-1949cf8c6b5b557f/mdns-sd-0.15.1/src/service_daemon.rs:1503

  [2m2026-01-30T21:32:40.545179Z[0m [34mDEBUG[0m [1;34mmdns_sd::service_daemon[0m[34m: [34mdel_interface: interface lo not found[0m
    [2;3mat[0m /home/scott/.cargo/registry/src/index.crates.io-1949cf8c6b5b557f/mdns-sd-0.15.1/src/service_daemon.rs:1503

  [2m2026-01-30T21:32:40.545258Z[0m [34mDEBUG[0m [1;34mmdns_sd::service_daemon[0m[34m: [34mdel_interface: interface lo not found[0m
    [2;3mat[0m /home/scott/.cargo/registry/src/index.crates.io-1949cf8c6b5b557f/mdns-sd-0.15.1/src/service_daemon.rs:1503

  [2m2026-01-30T21:32:45.569160Z[0m [34mDEBUG[0m [1;34mmdns_sd::service_daemon[0m[34m: [34mdel_interface: interface lo not found[0m
    [2;3mat[0m /home/scott/.cargo/registry/src/index.crates.io-1949cf8c6b5b557f/mdns-sd-0.15.1/src/service_daemon.rs:1503

  [2m2026-01-30T21:32:45.569215Z[0m [34mDEBUG[0m [1;34mmdns_sd::service_daemon[0m[34m: [34mdel_interface: interface lo not found[0m
    [2;3mat[0m /home/scott/.cargo/registry/src/index.crates.io-1949cf8c6b5b557f/mdns-sd-0.15.1/src/service_daemon.rs:1503

  [2m2026-01-30T21:32:49.998942Z[0m [34mDEBUG[0m [1;34mninep_server::auto_mount[0m[34m: [34mStarting server discovery and auto-mount cycle[0m
    [2;3mat[0m src/auto_mount.rs:324

  [2m2026-01-30T21:32:49.998977Z[0m [34mDEBUG[0m [1;34mninep_server::auto_mount[0m[34m: [34mMounting server 127.0.0.1:5640 at "/home/scott/n/127_0_0_1_port_5640"[0m
    [2;3mat[0m src/auto_mount.rs:413

  [2m2026-01-30T21:32:49.998989Z[0m [34mDEBUG[0m [1;34mninep_server::auto_mount[0m[34m: [34mEstablishing Tcp connection to 127.0.0.1:5640[0m
    [2;3mat[0m src/auto_mount.rs:457

  [2m2026-01-30T21:32:49.998993Z[0m [32m INFO[0m [1;32mninep_server::transport::tcp[0m[32m: [32mInitializing legacy TCP transport[0m
    [2;3mat[0m src/transport/tcp.rs:22

  [2m2026-01-30T21:32:49.998996Z[0m [34mDEBUG[0m [1;34mninep_server::transport::tcp[0m[34m: [34mConnecting to 127.0.0.1:5640 via TCP[0m
    [2;3mat[0m src/transport/tcp.rs:36

  [2m2026-01-30T21:32:49.999098Z[0m [31mERROR[0m [1;31mninep_server::auto_mount[0m[31m: [31mConnection test failed: Connection refused (os error 111)[0m
    [2;3mat[0m src/auto_mount.rs:475

  [2m2026-01-30T21:32:49.999111Z[0m [33m WARN[0m [1;33mninep_server::auto_mount[0m[33m: [33mFailed to mount server 127.0.0.1:5640: Connection test failed: Connection refused (os error 111)[0m
    [2;3mat[0m src/auto_mount.rs:361

  [2m2026-01-30T21:32:49.999118Z[0m [34mDEBUG[0m [1;34mninep_server::auto_mount[0m[34m: [34mMounting server 127.0.0.1:5641 at "/home/scott/n/127_0_0_1_port_5641"[0m
    [2;3mat[0m src/auto_mount.rs:413

  [2m2026-01-30T21:32:49.999125Z[0m [34mDEBUG[0m [1;34mninep_server::auto_mount[0m[34m: [34mEstablishing Tcp connection to 127.0.0.1:5641[0m
    [2;3mat[0m src/auto_mount.rs:457

  [2m2026-01-30T21:32:49.999128Z[0m [32m INFO[0m [1;32mninep_server::transport::tcp[0m[32m: [32mInitializing legacy TCP transport[0m
    [2;3mat[0m src/transport/tcp.rs:22

  [2m2026-01-30T21:32:49.999130Z[0m [34mDEBUG[0m [1;34mninep_server::transport::tcp[0m[34m: [34mConnecting to 127.0.0.1:5641 via TCP[0m
    [2;3mat[0m src/transport/tcp.rs:36

  [2m2026-01-30T21:32:49.999164Z[0m [31mERROR[0m [1;31mninep_server::auto_mount[0m[31m: [31mConnection test failed: Connection refused (os error 111)[0m
    [2;3mat[0m src/auto_mount.rs:475

  [2m2026-01-30T21:32:49.999169Z[0m [33m WARN[0m [1;33mninep_server::auto_mount[0m[33m: [33mFailed to mount server 127.0.0.1:5641: Connection test failed: Connection refused (os error 111)[0m
    [2;3mat[0m src/auto_mount.rs:361

  [2m2026-01-30T21:32:49.999174Z[0m [34mDEBUG[0m [1;34mninep_server::auto_mount[0m[34m: [34mMounting server 127.0.0.1:5642 at "/home/scott/n/127_0_0_1_port_5642"[0m
    [2;3mat[0m src/auto_mount.rs:413

  [2m2026-01-30T21:32:49.999179Z[0m [34mDEBUG[0m [1;34mninep_server::auto_mount[0m[34m: [34mEstablishing Tcp connection to 127.0.0.1:5642[0m
    [2;3mat[0m src/auto_mount.rs:457

  [2m2026-01-30T21:32:49.999181Z[0m [32m INFO[0m [1;32mninep_server::transport::tcp[0m[32m: [32mInitializing legacy TCP transport[0m
    [2;3mat[0m src/transport/tcp.rs:22

  [2m2026-01-30T21:32:49.999184Z[0m [34mDEBUG[0m [1;34mninep_server::transport::tcp[0m[34m: [34mConnecting to 127.0.0.1:5642 via TCP[0m
    [2;3mat[0m src/transport/tcp.rs:36

  [2m2026-01-30T21:32:49.999212Z[0m [31mERROR[0m [1;31mninep_server::auto_mount[0m[31m: [31mConnection test failed: Connection refused (os error 111)[0m
    [2;3mat[0m src/auto_mount.rs:475

  [2m2026-01-30T21:32:49.999217Z[0m [33m WARN[0m [1;33mninep_server::auto_mount[0m[33m: [33mFailed to mount server 127.0.0.1:5642: Connection test failed: Connection refused (os error 111)[0m
    [2;3mat[0m src/auto_mount.rs:361

  [2m2026-01-30T21:32:50.593147Z[0m [34mDEBUG[0m [1;34mmdns_sd::service_daemon[0m[34m: [34mdel_interface: interface lo not found[0m
    [2;3mat[0m /home/scott/.cargo/registry/src/index.crates.io-1949cf8c6b5b557f/mdns-sd-0.15.1/src/service_daemon.rs:1503

  [2m2026-01-30T21:32:50.593201Z[0m [34mDEBUG[0m [1;34mmdns_sd::service_daemon[0m[34m: [34mdel_interface: interface lo not found[0m
    [2;3mat[0m /home/scott/.cargo/registry/src/index.crates.io-1949cf8c6b5b557f/mdns-sd-0.15.1/src/service_daemon.rs:1503

  [2m2026-01-30T21:32:53.001038Z[0m [34mDEBUG[0m [1;34mninep_server::mesh[0m[34m: [34mDHT empty, waiting for bootstrap peers[0m
    [2;3mat[0m src/mesh.rs:397

  [2m2026-01-30T21:32:55.609062Z[0m [34mDEBUG[0m [1;34mmdns_sd::service_daemon[0m[34m: [34mdel_interface: interface lo not found[0m
    [2;3mat[0m /home/scott/.cargo/registry/src/index.crates.io-1949cf8c6b5b557f/mdns-sd-0.15.1/src/service_daemon.rs:1503

  [2m2026-01-30T21:32:55.609117Z[0m [34mDEBUG[0m [1;34mmdns_sd::service_daemon[0m[34m: [34mdel_interface: interface lo not found[0m
    [2;3mat[0m /home/scott/.cargo/registry/src/index.crates.io-1949cf8c6b5b557f/mdns-sd-0.15.1/src/service_daemon.rs:1503

  [2m2026-01-30T21:33:00.633308Z[0m [34mDEBUG[0m [1;34mmdns_sd::service_daemon[0m[34m: [34mdel_interface: interface lo not found[0m
    [2;3mat[0m /home/scott/.cargo/registry/src/index.crates.io-1949cf8c6b5b557f/mdns-sd-0.15.1/src/service_daemon.rs:1503

  [2m2026-01-30T21:33:00.633380Z[0m [34mDEBUG[0m [1;34mmdns_sd::service_daemon[0m[34m: [34mdel_interface: interface lo not found[0m
    [2;3mat[0m /home/scott/.cargo/registry/src/index.crates.io-1949cf8c6b5b557f/mdns-sd-0.15.1/src/service_daemon.rs:1503

  [2m2026-01-30T21:33:05.652740Z[0m [34mDEBUG[0m [1;34mmdns_sd::service_daemon[0m[34m: [34mdel_interface: interface lo not found[0m
    [2;3mat[0m /home/scott/.cargo/registry/src/index.crates.io-1949cf8c6b5b557f/mdns-sd-0.15.1/src/service_daemon.rs:1503

  [2m2026-01-30T21:33:05.652812Z[0m [34mDEBUG[0m [1;34mmdns_sd::service_daemon[0m[34m: [34mdel_interface: interface lo not found[0m
    [2;3mat[0m /home/scott/.cargo/registry/src/index.crates.io-1949cf8c6b5b557f/mdns-sd-0.15.1/src/service_daemon.rs:1503

  [2m2026-01-30T21:33:10.672400Z[0m [34mDEBUG[0m [1;34mmdns_sd::service_daemon[0m[34m: [34mdel_interface: interface lo not found[0m
    [2;3mat[0m /home/scott/.cargo/registry/src/index.crates.io-1949cf8c6b5b557f/mdns-sd-0.15.1/src/service_daemon.rs:1503

  [2m2026-01-30T21:33:10.672419Z[0m [34mDEBUG[0m [1;34mmdns_sd::service_daemon[0m[34m: [34mdel_interface: interface lo not found[0m
    [2;3mat[0m /home/scott/.cargo/registry/src/index.crates.io-1949cf8c6b5b557f/mdns-sd-0.15.1/src/service_daemon.rs:1503

  [2m2026-01-30T21:33:15.697150Z[0m [34mDEBUG[0m [1;34mmdns_sd::service_daemon[0m[34m: [34mdel_interface: interface lo not found[0m
    [2;3mat[0m /home/scott/.cargo/registry/src/index.crates.io-1949cf8c6b5b557f/mdns-sd-0.15.1/src/service_daemon.rs:1503

  [2m2026-01-30T21:33:15.697206Z[0m [34mDEBUG[0m [1;34mmdns_sd::service_daemon[0m[34m: [34mdel_interface: interface lo not found[0m
    [2;3mat[0m /home/scott/.cargo/registry/src/index.crates.io-1949cf8c6b5b557f/mdns-sd-0.15.1/src/service_daemon.rs:1503

  [2m2026-01-30T21:33:19.998887Z[0m [34mDEBUG[0m [1;34mninep_server::auto_mount[0m[34m: [34mStarting server discovery and auto-mount cycle[0m
    [2;3mat[0m src/auto_mount.rs:324

  [2m2026-01-30T21:33:19.998932Z[0m [34mDEBUG[0m [1;34mninep_server::auto_mount[0m[34m: [34mMounting server 127.0.0.1:5640 at "/home/scott/n/127_0_0_1_port_5640"[0m
    [2;3mat[0m src/auto_mount.rs:413

  [2m2026-01-30T21:33:19.998943Z[0m [34mDEBUG[0m [1;34mninep_server::auto_mount[0m[34m: [34mEstablishing Tcp connection to 127.0.0.1:5640[0m
    [2;3mat[0m src/auto_mount.rs:457

  [2m2026-01-30T21:33:19.998946Z[0m [32m INFO[0m [1;32mninep_server::transport::tcp[0m[32m: [32mInitializing legacy TCP transport[0m
    [2;3mat[0m src/transport/tcp.rs:22

  [2m2026-01-30T21:33:19.998950Z[0m [34mDEBUG[0m [1;34mninep_server::transport::tcp[0m[34m: [34mConnecting to 127.0.0.1:5640 via TCP[0m
    [2;3mat[0m src/transport/tcp.rs:36

  [2m2026-01-30T21:33:19.999015Z[0m [31mERROR[0m [1;31mninep_server::auto_mount[0m[31m: [31mConnection test failed: Connection refused (os error 111)[0m
    [2;3mat[0m src/auto_mount.rs:475

  [2m2026-01-30T21:33:19.999024Z[0m [33m WARN[0m [1;33mninep_server::auto_mount[0m[33m: [33mFailed to mount server 127.0.0.1:5640: Connection test failed: Connection refused (os error 111)[0m
    [2;3mat[0m src/auto_mount.rs:361

  [2m2026-01-30T21:33:19.999030Z[0m [34mDEBUG[0m [1;34mninep_server::auto_mount[0m[34m: [34mMounting server 127.0.0.1:5641 at "/home/scott/n/127_0_0_1_port_5641"[0m
    [2;3mat[0m src/auto_mount.rs:413

  [2m2026-01-30T21:33:19.999036Z[0m [34mDEBUG[0m [1;34mninep_server::auto_mount[0m[34m: [34mEstablishing Tcp connection to 127.0.0.1:5641[0m
    [2;3mat[0m src/auto_mount.rs:457

  [2m2026-01-30T21:33:19.999038Z[0m [32m INFO[0m [1;32mninep_server::transport::tcp[0m[32m: [32mInitializing legacy TCP transport[0m
    [2;3mat[0m src/transport/tcp.rs:22

  [2m2026-01-30T21:33:19.999041Z[0m [34mDEBUG[0m [1;34mninep_server::transport::tcp[0m[34m: [34mConnecting to 127.0.0.1:5641 via TCP[0m
    [2;3mat[0m src/transport/tcp.rs:36

  [2m2026-01-30T21:33:19.999063Z[0m [31mERROR[0m [1;31mninep_server::auto_mount[0m[31m: [31mConnection test failed: Connection refused (os error 111)[0m
    [2;3mat[0m src/auto_mount.rs:475

  [2m2026-01-30T21:33:19.999067Z[0m [33m WARN[0m [1;33mninep_server::auto_mount[0m[33m: [33mFailed to mount server 127.0.0.1:5641: Connection test failed: Connection refused (os error 111)[0m
    [2;3mat[0m src/auto_mount.rs:361

  [2m2026-01-30T21:33:19.999072Z[0m [34mDEBUG[0m [1;34mninep_server::auto_mount[0m[34m: [34mMounting server 127.0.0.1:5642 at "/home/scott/n/127_0_0_1_port_5642"[0m
    [2;3mat[0m src/auto_mount.rs:413

  [2m2026-01-30T21:33:19.999077Z[0m [34mDEBUG[0m [1;34mninep_server::auto_mount[0m[34m: [34mEstablishing Tcp connection to 127.0.0.1:5642[0m
    [2;3mat[0m src/auto_mount.rs:457

  [2m2026-01-30T21:33:19.999079Z[0m [32m INFO[0m [1;32mninep_server::transport::tcp[0m[32m: [32mInitializing legacy TCP transport[0m
    [2;3mat[0m src/transport/tcp.rs:22

  [2m2026-01-30T21:33:19.999081Z[0m [34mDEBUG[0m [1;34mninep_server::transport::tcp[0m[34m: [34mConnecting to 127.0.0.1:5642 via TCP[0m
    [2;3mat[0m src/transport/tcp.rs:36

  [2m2026-01-30T21:33:19.999100Z[0m [31mERROR[0m [1;31mninep_server::auto_mount[0m[31m: [31mConnection test failed: Connection refused (os error 111)[0m
    [2;3mat[0m src/auto_mount.rs:475

  [2m2026-01-30T21:33:19.999104Z[0m [33m WARN[0m [1;33mninep_server::auto_mount[0m[33m: [33mFailed to mount server 127.0.0.1:5642: Connection test failed: Connection refused (os error 111)[0m
    [2;3mat[0m src/auto_mount.rs:361

  [2m2026-01-30T21:33:20.702081Z[0m [34mDEBUG[0m [1;34mmdns_sd::service_daemon[0m[34m: [34mdel_interface: interface lo not found[0m
    [2;3mat[0m /home/scott/.cargo/registry/src/index.crates.io-1949cf8c6b5b557f/mdns-sd-0.15.1/src/service_daemon.rs:1503

  [2m2026-01-30T21:33:20.702135Z[0m [34mDEBUG[0m [1;34mmdns_sd::service_daemon[0m[34m: [34mdel_interface: interface lo not found[0m
    [2;3mat[0m /home/scott/.cargo/registry/src/index.crates.io-1949cf8c6b5b557f/mdns-sd-0.15.1/src/service_daemon.rs:1503

  [2m2026-01-30T21:33:23.000952Z[0m [34mDEBUG[0m [1;34mninep_server::mesh[0m[34m: [34mDHT empty, waiting for bootstrap peers[0m
    [2;3mat[0m src/mesh.rs:397

  [2m2026-01-30T21:33:25.726607Z[0m [34mDEBUG[0m [1;34mmdns_sd::service_daemon[0m[34m: [34mdel_interface: interface lo not found[0m
    [2;3mat[0m /home/scott/.cargo/registry/src/index.crates.io-1949cf8c6b5b557f/mdns-sd-0.15.1/src/service_daemon.rs:1503

  [2m2026-01-30T21:33:25.726663Z[0m [34mDEBUG[0m [1;34mmdns_sd::service_daemon[0m[34m: [34mdel_interface: interface lo not found[0m
    [2;3mat[0m /home/scott/.cargo/registry/src/index.crates.io-1949cf8c6b5b557f/mdns-sd-0.15.1/src/service_daemon.rs:1503

  [2m2026-01-30T21:33:30.750935Z[0m [34mDEBUG[0m [1;34mmdns_sd::service_daemon[0m[34m: [34mdel_interface: interface lo not found[0m
    [2;3mat[0m /home/scott/.cargo/registry/src/index.crates.io-1949cf8c6b5b557f/mdns-sd-0.15.1/src/service_daemon.rs:1503

  [2m2026-01-30T21:33:30.750960Z[0m [34mDEBUG[0m [1;34mmdns_sd::service_daemon[0m[34m: [34mdel_interface: interface lo not found[0m
    [2;3mat[0m /home/scott/.cargo/registry/src/index.crates.io-1949cf8c6b5b557f/mdns-sd-0.15.1/src/service_daemon.rs:1503

  [2m2026-01-30T21:33:35.776178Z[0m [34mDEBUG[0m [1;34mmdns_sd::service_daemon[0m[34m: [34mdel_interface: interface lo not found[0m
    [2;3mat[0m /home/scott/.cargo/registry/src/index.crates.io-1949cf8c6b5b557f/mdns-sd-0.15.1/src/service_daemon.rs:1503

  [2m2026-01-30T21:33:35.776234Z[0m [34mDEBUG[0m [1;34mmdns_sd::service_daemon[0m[34m: [34mdel_interface: interface lo not found[0m
    [2;3mat[0m /home/scott/.cargo/registry/src/index.crates.io-1949cf8c6b5b557f/mdns-sd-0.15.1/src/service_daemon.rs:1503

  [2m2026-01-30T21:33:40.786811Z[0m [34mDEBUG[0m [1;34mmdns_sd::service_daemon[0m[34m: [34mdel_interface: interface lo not found[0m
    [2;3mat[0m /home/scott/.cargo/registry/src/index.crates.io-1949cf8c6b5b557f/mdns-sd-0.15.1/src/service_daemon.rs:1503

  [2m2026-01-30T21:33:40.786826Z[0m [34mDEBUG[0m [1;34mmdns_sd::service_daemon[0m[34m: [34mdel_interface: interface lo not found[0m
    [2;3mat[0m /home/scott/.cargo/registry/src/index.crates.io-1949cf8c6b5b557f/mdns-sd-0.15.1/src/service_daemon.rs:1503

  [2m2026-01-30T21:33:45.811183Z[0m [34mDEBUG[0m [1;34mmdns_sd::service_daemon[0m[34m: [34mdel_interface: interface lo not found[0m
    [2;3mat[0m /home/scott/.cargo/registry/src/index.crates.io-1949cf8c6b5b557f/mdns-sd-0.15.1/src/service_daemon.rs:1503

  [2m2026-01-30T21:33:45.811206Z[0m [34mDEBUG[0m [1;34mmdns_sd::service_daemon[0m[34m: [34mdel_interface: interface lo not found[0m
    [2;3mat[0m /home/scott/.cargo/registry/src/index.crates.io-1949cf8c6b5b557f/mdns-sd-0.15.1/src/service_daemon.rs:1503

  [2m2026-01-30T21:33:50.005921Z[0m [34mDEBUG[0m [1;34mninep_server::auto_mount[0m[34m: [34mStarting server discovery and auto-mount cycle[0m
    [2;3mat[0m src/auto_mount.rs:324

  [2m2026-01-30T21:33:50.006019Z[0m [34mDEBUG[0m [1;34mninep_server::auto_mount[0m[34m: [34mMounting server 127.0.0.1:5640 at "/home/scott/n/127_0_0_1_port_5640"[0m
    [2;3mat[0m src/auto_mount.rs:413

  [2m2026-01-30T21:33:50.006053Z[0m [34mDEBUG[0m [1;34mninep_server::auto_mount[0m[34m: [34mEstablishing Tcp connection to 127.0.0.1:5640[0m
    [2;3mat[0m src/auto_mount.rs:457

  [2m2026-01-30T21:33:50.006063Z[0m [32m INFO[0m [1;32mninep_server::transport::tcp[0m[32m: [32mInitializing legacy TCP transport[0m
    [2;3mat[0m src/transport/tcp.rs:22

  [2m2026-01-30T21:33:50.006074Z[0m [34mDEBUG[0m [1;34mninep_server::transport::tcp[0m[34m: [34mConnecting to 127.0.0.1:5640 via TCP[0m
    [2;3mat[0m src/transport/tcp.rs:36

  [2m2026-01-30T21:33:50.006293Z[0m [31mERROR[0m [1;31mninep_server::auto_mount[0m[31m: [31mConnection test failed: Connection refused (os error 111)[0m
    [2;3mat[0m src/auto_mount.rs:475

  [2m2026-01-30T21:33:50.006375Z[0m [33m WARN[0m [1;33mninep_server::auto_mount[0m[33m: [33mFailed to mount server 127.0.0.1:5640: Connection test failed: Connection refused (os error 111)[0m
    [2;3mat[0m src/auto_mount.rs:361

  [2m2026-01-30T21:33:50.006400Z[0m [34mDEBUG[0m [1;34mninep_server::auto_mount[0m[34m: [34mMounting server 127.0.0.1:5641 at "/home/scott/n/127_0_0_1_port_5641"[0m
    [2;3mat[0m src/auto_mount.rs:413

  [2m2026-01-30T21:33:50.006424Z[0m [34mDEBUG[0m [1;34mninep_server::auto_mount[0m[34m: [34mEstablishing Tcp connection to 127.0.0.1:5641[0m
    [2;3mat[0m src/auto_mount.rs:457

  [2m2026-01-30T21:33:50.006432Z[0m [32m INFO[0m [1;32mninep_server::transport::tcp[0m[32m: [32mInitializing legacy TCP transport[0m
    [2;3mat[0m src/transport/tcp.rs:22

  [2m2026-01-30T21:33:50.006433Z[0m [34mDEBUG[0m [1;34mninep_server::transport::tcp[0m[34m: [34mConnecting to 127.0.0.1:5641 via TCP[0m
    [2;3mat[0m src/transport/tcp.rs:36

  [2m2026-01-30T21:33:50.006455Z[0m [31mERROR[0m [1;31mninep_server::auto_mount[0m[31m: [31mConnection test failed: Connection refused (os error 111)[0m
    [2;3mat[0m src/auto_mount.rs:475

  [2m2026-01-30T21:33:50.006457Z[0m [33m WARN[0m [1;33mninep_server::auto_mount[0m[33m: [33mFailed to mount server 127.0.0.1:5641: Connection test failed: Connection refused (os error 111)[0m
    [2;3mat[0m src/auto_mount.rs:361

  [2m2026-01-30T21:33:50.006460Z[0m [34mDEBUG[0m [1;34mninep_server::auto_mount[0m[34m: [34mMounting server 127.0.0.1:5642 at "/home/scott/n/127_0_0_1_port_5642"[0m
    [2;3mat[0m src/auto_mount.rs:413

  [2m2026-01-30T21:33:50.006462Z[0m [34mDEBUG[0m [1;34mninep_server::auto_mount[0m[34m: [34mEstablishing Tcp connection to 127.0.0.1:5642[0m
    [2;3mat[0m src/auto_mount.rs:457

  [2m2026-01-30T21:33:50.006463Z[0m [32m INFO[0m [1;32mninep_server::transport::tcp[0m[32m: [32mInitializing legacy TCP transport[0m
    [2;3mat[0m src/transport/tcp.rs:22

  [2m2026-01-30T21:33:50.006464Z[0m [34mDEBUG[0m [1;34mninep_server::transport::tcp[0m[34m: [34mConnecting to 127.0.0.1:5642 via TCP[0m
    [2;3mat[0m src/transport/tcp.rs:36

  [2m2026-01-30T21:33:50.006472Z[0m [31mERROR[0m [1;31mninep_server::auto_mount[0m[31m: [31mConnection test failed: Connection refused (os error 111)[0m
    [2;3mat[0m src/auto_mount.rs:475

  [2m2026-01-30T21:33:50.006473Z[0m [33m WARN[0m [1;33mninep_server::auto_mount[0m[33m: [33mFailed to mount server 127.0.0.1:5642: Connection test failed: Connection refused (os error 111)[0m
    [2;3mat[0m src/auto_mount.rs:361

  [2m2026-01-30T21:33:50.814999Z[0m [34mDEBUG[0m [1;34mmdns_sd::service_daemon[0m[34m: [34mdel_interface: interface lo not found[0m
    [2;3mat[0m /home/scott/.cargo/registry/src/index.crates.io-1949cf8c6b5b557f/mdns-sd-0.15.1/src/service_daemon.rs:1503

  [2m2026-01-30T21:33:50.815049Z[0m [34mDEBUG[0m [1;34mmdns_sd::service_daemon[0m[34m: [34mdel_interface: interface lo not found[0m
    [2;3mat[0m /home/scott/.cargo/registry/src/index.crates.io-1949cf8c6b5b557f/mdns-sd-0.15.1/src/service_daemon.rs:1503

  [2m2026-01-30T21:33:53.001083Z[0m [34mDEBUG[0m [1;34mninep_server::mesh[0m[34m: [34mDHT empty, waiting for bootstrap peers[0m
    [2;3mat[0m src/mesh.rs:397

  [2m2026-01-30T21:33:55.824169Z[0m [34mDEBUG[0m [1;34mmdns_sd::service_daemon[0m[34m: [34mdel_interface: interface lo not found[0m
    [2;3mat[0m /home/scott/.cargo/registry/src/index.crates.io-1949cf8c6b5b557f/mdns-sd-0.15.1/src/service_daemon.rs:1503

  [2m2026-01-30T21:33:55.824227Z[0m [34mDEBUG[0m [1;34mmdns_sd::service_daemon[0m[34m: [34mdel_interface: interface lo not found[0m
    [2;3mat[0m /home/scott/.cargo/registry/src/index.crates.io-1949cf8c6b5b557f/mdns-sd-0.15.1/src/service_daemon.rs:1503

  [2m2026-01-30T21:34:00.848154Z[0m [34mDEBUG[0m [1;34mmdns_sd::service_daemon[0m[34m: [34mdel_interface: interface lo not found[0m
    [2;3mat[0m /home/scott/.cargo/registry/src/index.crates.io-1949cf8c6b5b557f/mdns-sd-0.15.1/src/service_daemon.rs:1503

  [2m2026-01-30T21:34:00.848238Z[0m [34mDEBUG[0m [1;34mmdns_sd::service_daemon[0m[34m: [34mdel_interface: interface lo not found[0m
    [2;3mat[0m /home/scott/.cargo/registry/src/index.crates.io-1949cf8c6b5b557f/mdns-sd-0.15.1/src/service_daemon.rs:1503

  [2m2026-01-30T21:34:05.851172Z[0m [34mDEBUG[0m [1;34mmdns_sd::service_daemon[0m[34m: [34mdel_interface: interface lo not found[0m
    [2;3mat[0m /home/scott/.cargo/registry/src/index.crates.io-1949cf8c6b5b557f/mdns-sd-0.15.1/src/service_daemon.rs:1503

  [2m2026-01-30T21:34:05.851237Z[0m [34mDEBUG[0m [1;34mmdns_sd::service_daemon[0m[34m: [34mdel_interface: interface lo not found[0m
    [2;3mat[0m /home/scott/.cargo/registry/src/index.crates.io-1949cf8c6b5b557f/mdns-sd-0.15.1/src/service_daemon.rs:1503

  [2m2026-01-30T21:34:10.875698Z[0m [34mDEBUG[0m [1;34mmdns_sd::service_daemon[0m[34m: [34mdel_interface: interface lo not found[0m
    [2;3mat[0m /home/scott/.cargo/registry/src/index.crates.io-1949cf8c6b5b557f/mdns-sd-0.15.1/src/service_daemon.rs:1503

  [2m2026-01-30T21:34:10.875757Z[0m [34mDEBUG[0m [1;34mmdns_sd::service_daemon[0m[34m: [34mdel_interface: interface lo not found[0m
    [2;3mat[0m /home/scott/.cargo/registry/src/index.crates.io-1949cf8c6b5b557f/mdns-sd-0.15.1/src/service_daemon.rs:1503

  [2m2026-01-30T21:34:15.886426Z[0m [34mDEBUG[0m [1;34mmdns_sd::service_daemon[0m[34m: [34mdel_interface: interface lo not found[0m
    [2;3mat[0m /home/scott/.cargo/registry/src/index.crates.io-1949cf8c6b5b557f/mdns-sd-0.15.1/src/service_daemon.rs:1503

  [2m2026-01-30T21:34:15.886450Z[0m [34mDEBUG[0m [1;34mmdns_sd::service_daemon[0m[34m: [34mdel_interface: interface lo not found[0m
    [2;3mat[0m /home/scott/.cargo/registry/src/index.crates.io-1949cf8c6b5b557f/mdns-sd-0.15.1/src/service_daemon.rs:1503

  [2m2026-01-30T21:34:19.999035Z[0m [34mDEBUG[0m [1;34mninep_server::auto_mount[0m[34m: [34mStarting server discovery and auto-mount cycle[0m
    [2;3mat[0m src/auto_mount.rs:324

  [2m2026-01-30T21:34:19.999117Z[0m [34mDEBUG[0m [1;34mninep_server::auto_mount[0m[34m: [34mMounting server 127.0.0.1:5640 at "/home/scott/n/127_0_0_1_port_5640"[0m
    [2;3mat[0m src/auto_mount.rs:413

  [2m2026-01-30T21:34:19.999151Z[0m [34mDEBUG[0m [1;34mninep_server::auto_mount[0m[34m: [34mEstablishing Tcp connection to 127.0.0.1:5640[0m
    [2;3mat[0m src/auto_mount.rs:457

  [2m2026-01-30T21:34:19.999161Z[0m [32m INFO[0m [1;32mninep_server::transport::tcp[0m[32m: [32mInitializing legacy TCP transport[0m
    [2;3mat[0m src/transport/tcp.rs:22

  [2m2026-01-30T21:34:19.999173Z[0m [34mDEBUG[0m [1;34mninep_server::transport::tcp[0m[34m: [34mConnecting to 127.0.0.1:5640 via TCP[0m
    [2;3mat[0m src/transport/tcp.rs:36

  [2m2026-01-30T21:34:19.999354Z[0m [31mERROR[0m [1;31mninep_server::auto_mount[0m[31m: [31mConnection test failed: Connection refused (os error 111)[0m
    [2;3mat[0m src/auto_mount.rs:475

  [2m2026-01-30T21:34:19.999379Z[0m [33m WARN[0m [1;33mninep_server::auto_mount[0m[33m: [33mFailed to mount server 127.0.0.1:5640: Connection test failed: Connection refused (os error 111)[0m
    [2;3mat[0m src/auto_mount.rs:361

  [2m2026-01-30T21:34:19.999399Z[0m [34mDEBUG[0m [1;34mninep_server::auto_mount[0m[34m: [34mMounting server 127.0.0.1:5641 at "/home/scott/n/127_0_0_1_port_5641"[0m
    [2;3mat[0m src/auto_mount.rs:413

  [2m2026-01-30T21:34:19.999415Z[0m [34mDEBUG[0m [1;34mninep_server::auto_mount[0m[34m: [34mEstablishing Tcp connection to 127.0.0.1:5641[0m
    [2;3mat[0m src/auto_mount.rs:457

  [2m2026-01-30T21:34:19.999424Z[0m [32m INFO[0m [1;32mninep_server::transport::tcp[0m[32m: [32mInitializing legacy TCP transport[0m
    [2;3mat[0m src/transport/tcp.rs:22

  [2m2026-01-30T21:34:19.999432Z[0m [34mDEBUG[0m [1;34mninep_server::transport::tcp[0m[34m: [34mConnecting to 127.0.0.1:5641 via TCP[0m
    [2;3mat[0m src/transport/tcp.rs:36

  [2m2026-01-30T21:34:19.999511Z[0m [31mERROR[0m [1;31mninep_server::auto_mount[0m[31m: [31mConnection test failed: Connection refused (os error 111)[0m
    [2;3mat[0m src/auto_mount.rs:475

  [2m2026-01-30T21:34:19.999520Z[0m [33m WARN[0m [1;33mninep_server::auto_mount[0m[33m: [33mFailed to mount server 127.0.0.1:5641: Connection test failed: Connection refused (os error 111)[0m
    [2;3mat[0m src/auto_mount.rs:361

  [2m2026-01-30T21:34:19.999532Z[0m [34mDEBUG[0m [1;34mninep_server::auto_mount[0m[34m: [34mMounting server 127.0.0.1:5642 at "/home/scott/n/127_0_0_1_port_5642"[0m
    [2;3mat[0m src/auto_mount.rs:413

  [2m2026-01-30T21:34:19.999543Z[0m [34mDEBUG[0m [1;34mninep_server::auto_mount[0m[34m: [34mEstablishing Tcp connection to 127.0.0.1:5642[0m
    [2;3mat[0m src/auto_mount.rs:457

  [2m2026-01-30T21:34:19.999549Z[0m [32m INFO[0m [1;32mninep_server::transport::tcp[0m[32m: [32mInitializing legacy TCP transport[0m
    [2;3mat[0m src/transport/tcp.rs:22

  [2m2026-01-30T21:34:19.999556Z[0m [34mDEBUG[0m [1;34mninep_server::transport::tcp[0m[34m: [34mConnecting to 127.0.0.1:5642 via TCP[0m
    [2;3mat[0m src/transport/tcp.rs:36

  [2m2026-01-30T21:34:19.999594Z[0m [31mERROR[0m [1;31mninep_server::auto_mount[0m[31m: [31mConnection test failed: Connection refused (os error 111)[0m
    [2;3mat[0m src/auto_mount.rs:475

  [2m2026-01-30T21:34:19.999602Z[0m [33m WARN[0m [1;33mninep_server::auto_mount[0m[33m: [33mFailed to mount server 127.0.0.1:5642: Connection test failed: Connection refused (os error 111)[0m
    [2;3mat[0m src/auto_mount.rs:361

  [2m2026-01-30T21:34:20.910924Z[0m [34mDEBUG[0m [1;34mmdns_sd::service_daemon[0m[34m: [34mdel_interface: interface lo not found[0m
    [2;3mat[0m /home/scott/.cargo/registry/src/index.crates.io-1949cf8c6b5b557f/mdns-sd-0.15.1/src/service_daemon.rs:1503

  [2m2026-01-30T21:34:20.910940Z[0m [34mDEBUG[0m [1;34mmdns_sd::service_daemon[0m[34m: [34mdel_interface: interface lo not found[0m
    [2;3mat[0m /home/scott/.cargo/registry/src/index.crates.io-1949cf8c6b5b557f/mdns-sd-0.15.1/src/service_daemon.rs:1503

  [2m2026-01-30T21:34:23.000214Z[0m [34mDEBUG[0m [1;34mninep_server::mesh[0m[34m: [34mDHT empty, waiting for bootstrap peers[0m
    [2;3mat[0m src/mesh.rs:397

  [2m2026-01-30T21:34:25.924932Z[0m [34mDEBUG[0m [1;34mmdns_sd::service_daemon[0m[34m: [34mdel_interface: interface lo not found[0m
    [2;3mat[0m /home/scott/.cargo/registry/src/index.crates.io-1949cf8c6b5b557f/mdns-sd-0.15.1/src/service_daemon.rs:1503

  [2m2026-01-30T21:34:25.924949Z[0m [34mDEBUG[0m [1;34mmdns_sd::service_daemon[0m[34m: [34mdel_interface: interface lo not found[0m
    [2;3mat[0m /home/scott/.cargo/registry/src/index.crates.io-1949cf8c6b5b557f/mdns-sd-0.15.1/src/service_daemon.rs:1503

  [2m2026-01-30T21:34:30.950403Z[0m [34mDEBUG[0m [1;34mmdns_sd::service_daemon[0m[34m: [34mdel_interface: interface lo not found[0m
    [2;3mat[0m /home/scott/.cargo/registry/src/index.crates.io-1949cf8c6b5b557f/mdns-sd-0.15.1/src/service_daemon.rs:1503

  [2m2026-01-30T21:34:30.950462Z[0m [34mDEBUG[0m [1;34mmdns_sd::service_daemon[0m[34m: [34mdel_interface: interface lo not found[0m
    [2;3mat[0m /home/scott/.cargo/registry/src/index.crates.io-1949cf8c6b5b557f/mdns-sd-0.15.1/src/service_daemon.rs:1503

  [2m2026-01-30T21:34:35.951338Z[0m [34mDEBUG[0m [1;34mmdns_sd::service_daemon[0m[34m: [34mdel_interface: interface lo not found[0m
    [2;3mat[0m /home/scott/.cargo/registry/src/index.crates.io-1949cf8c6b5b557f/mdns-sd-0.15.1/src/service_daemon.rs:1503

  [2m2026-01-30T21:34:35.951398Z[0m [34mDEBUG[0m [1;34mmdns_sd::service_daemon[0m[34m: [34mdel_interface: interface lo not found[0m
    [2;3mat[0m /home/scott/.cargo/registry/src/index.crates.io-1949cf8c6b5b557f/mdns-sd-0.15.1/src/service_daemon.rs:1503

  [2m2026-01-30T21:34:40.960989Z[0m [34mDEBUG[0m [1;34mmdns_sd::service_daemon[0m[34m: [34mdel_interface: interface lo not found[0m
    [2;3mat[0m /home/scott/.cargo/registry/src/index.crates.io-1949cf8c6b5b557f/mdns-sd-0.15.1/src/service_daemon.rs:1503

  [2m2026-01-30T21:34:40.961029Z[0m [34mDEBUG[0m [1;34mmdns_sd::service_daemon[0m[34m: [34mdel_interface: interface lo not found[0m
    [2;3mat[0m /home/scott/.cargo/registry/src/index.crates.io-1949cf8c6b5b557f/mdns-sd-0.15.1/src/service_daemon.rs:1503

  [2m2026-01-30T21:34:45.973708Z[0m [34mDEBUG[0m [1;34mmdns_sd::service_daemon[0m[34m: [34mdel_interface: interface lo not found[0m
    [2;3mat[0m /home/scott/.cargo/registry/src/index.crates.io-1949cf8c6b5b557f/mdns-sd-0.15.1/src/service_daemon.rs:1503

  [2m2026-01-30T21:34:45.973756Z[0m [34mDEBUG[0m [1;34mmdns_sd::service_daemon[0m[34m: [34mdel_interface: interface lo not found[0m
    [2;3mat[0m /home/scott/.cargo/registry/src/index.crates.io-1949cf8c6b5b557f/mdns-sd-0.15.1/src/service_daemon.rs:1503

  [2m2026-01-30T21:34:49.998842Z[0m [34mDEBUG[0m [1;34mninep_server::auto_mount[0m[34m: [34mStarting server discovery and auto-mount cycle[0m
    [2;3mat[0m src/auto_mount.rs:324

  [2m2026-01-30T21:34:49.998867Z[0m [34mDEBUG[0m [1;34mninep_server::auto_mount[0m[34m: [34mMounting server 127.0.0.1:5640 at "/home/scott/n/127_0_0_1_port_5640"[0m
    [2;3mat[0m src/auto_mount.rs:413

  [2m2026-01-30T21:34:49.998875Z[0m [34mDEBUG[0m [1;34mninep_server::auto_mount[0m[34m: [34mEstablishing Tcp connection to 127.0.0.1:5640[0m
    [2;3mat[0m src/auto_mount.rs:457

  [2m2026-01-30T21:34:49.998877Z[0m [32m INFO[0m [1;32mninep_server::transport::tcp[0m[32m: [32mInitializing legacy TCP transport[0m
    [2;3mat[0m src/transport/tcp.rs:22

  [2m2026-01-30T21:34:49.998879Z[0m [34mDEBUG[0m [1;34mninep_server::transport::tcp[0m[34m: [34mConnecting to 127.0.0.1:5640 via TCP[0m
    [2;3mat[0m src/transport/tcp.rs:36

  [2m2026-01-30T21:34:49.998976Z[0m [31mERROR[0m [1;31mninep_server::auto_mount[0m[31m: [31mConnection test failed: Connection refused (os error 111)[0m
    [2;3mat[0m src/auto_mount.rs:475

  [2m2026-01-30T21:34:49.998991Z[0m [33m WARN[0m [1;33mninep_server::auto_mount[0m[33m: [33mFailed to mount server 127.0.0.1:5640: Connection test failed: Connection refused (os error 111)[0m
    [2;3mat[0m src/auto_mount.rs:361

  [2m2026-01-30T21:34:49.998999Z[0m [34mDEBUG[0m [1;34mninep_server::auto_mount[0m[34m: [34mMounting server 127.0.0.1:5641 at "/home/scott/n/127_0_0_1_port_5641"[0m
    [2;3mat[0m src/auto_mount.rs:413

  [2m2026-01-30T21:34:49.999007Z[0m [34mDEBUG[0m [1;34mninep_server::auto_mount[0m[34m: [34mEstablishing Tcp connection to 127.0.0.1:5641[0m
    [2;3mat[0m src/auto_mount.rs:457

  [2m2026-01-30T21:34:49.999010Z[0m [32m INFO[0m [1;32mninep_server::transport::tcp[0m[32m: [32mInitializing legacy TCP transport[0m
    [2;3mat[0m src/transport/tcp.rs:22

  [2m2026-01-30T21:34:49.999013Z[0m [34mDEBUG[0m [1;34mninep_server::transport::tcp[0m[34m: [34mConnecting to 127.0.0.1:5641 via TCP[0m
    [2;3mat[0m src/transport/tcp.rs:36

  [2m2026-01-30T21:34:49.999049Z[0m [31mERROR[0m [1;31mninep_server::auto_mount[0m[31m: [31mConnection test failed: Connection refused (os error 111)[0m
    [2;3mat[0m src/auto_mount.rs:475

  [2m2026-01-30T21:34:49.999055Z[0m [33m WARN[0m [1;33mninep_server::auto_mount[0m[33m: [33mFailed to mount server 127.0.0.1:5641: Connection test failed: Connection refused (os error 111)[0m
    [2;3mat[0m src/auto_mount.rs:361

  [2m2026-01-30T21:34:49.999059Z[0m [34mDEBUG[0m [1;34mninep_server::auto_mount[0m[34m: [34mMounting server 127.0.0.1:5642 at "/home/scott/n/127_0_0_1_port_5642"[0m
    [2;3mat[0m src/auto_mount.rs:413

  [2m2026-01-30T21:34:49.999064Z[0m [34mDEBUG[0m [1;34mninep_server::auto_mount[0m[34m: [34mEstablishing Tcp connection to 127.0.0.1:5642[0m
    [2;3mat[0m src/auto_mount.rs:457

  [2m2026-01-30T21:34:49.999067Z[0m [32m INFO[0m [1;32mninep_server::transport::tcp[0m[32m: [32mInitializing legacy TCP transport[0m
    [2;3mat[0m src/transport/tcp.rs:22

  [2m2026-01-30T21:34:49.999077Z[0m [34mDEBUG[0m [1;34mninep_server::transport::tcp[0m[34m: [34mConnecting to 127.0.0.1:5642 via TCP[0m
    [2;3mat[0m src/transport/tcp.rs:36

  [2m2026-01-30T21:34:49.999097Z[0m [31mERROR[0m [1;31mninep_server::auto_mount[0m[31m: [31mConnection test failed: Connection refused (os error 111)[0m
    [2;3mat[0m src/auto_mount.rs:475

  [2m2026-01-30T21:34:49.999102Z[0m [33m WARN[0m [1;33mninep_server::auto_mount[0m[33m: [33mFailed to mount server 127.0.0.1:5642: Connection test failed: Connection refused (os error 111)[0m
    [2;3mat[0m src/auto_mount.rs:361

  [2m2026-01-30T21:34:50.989173Z[0m [34mDEBUG[0m [1;34mmdns_sd::service_daemon[0m[34m: [34mdel_interface: interface lo not found[0m
    [2;3mat[0m /home/scott/.cargo/registry/src/index.crates.io-1949cf8c6b5b557f/mdns-sd-0.15.1/src/service_daemon.rs:1503

  [2m2026-01-30T21:34:50.989233Z[0m [34mDEBUG[0m [1;34mmdns_sd::service_daemon[0m[34m: [34mdel_interface: interface lo not found[0m
    [2;3mat[0m /home/scott/.cargo/registry/src/index.crates.io-1949cf8c6b5b557f/mdns-sd-0.15.1/src/service_daemon.rs:1503

  [2m2026-01-30T21:34:53.000441Z[0m [34mDEBUG[0m [1;34mninep_server::mesh[0m[34m: [34mDHT empty, waiting for bootstrap peers[0m
    [2;3mat[0m src/mesh.rs:397

  [2m2026-01-30T21:34:55.996544Z[0m [34mDEBUG[0m [1;34mmdns_sd::service_daemon[0m[34m: [34mdel_interface: interface lo not found[0m
    [2;3mat[0m /home/scott/.cargo/registry/src/index.crates.io-1949cf8c6b5b557f/mdns-sd-0.15.1/src/service_daemon.rs:1503

  [2m2026-01-30T21:34:55.996562Z[0m [34mDEBUG[0m [1;34mmdns_sd::service_daemon[0m[34m: [34mdel_interface: interface lo not found[0m
    [2;3mat[0m /home/scott/.cargo/registry/src/index.crates.io-1949cf8c6b5b557f/mdns-sd-0.15.1/src/service_daemon.rs:1503

  [2m2026-01-30T21:35:01.021235Z[0m [34mDEBUG[0m [1;34mmdns_sd::service_daemon[0m[34m: [34mdel_interface: interface lo not found[0m
    [2;3mat[0m /home/scott/.cargo/registry/src/index.crates.io-1949cf8c6b5b557f/mdns-sd-0.15.1/src/service_daemon.rs:1503

  [2m2026-01-30T21:35:01.021297Z[0m [34mDEBUG[0m [1;34mmdns_sd::service_daemon[0m[34m: [34mdel_interface: interface lo not found[0m
    [2;3mat[0m /home/scott/.cargo/registry/src/index.crates.io-1949cf8c6b5b557f/mdns-sd-0.15.1/src/service_daemon.rs:1503

  [2m2026-01-30T21:35:06.045765Z[0m [34mDEBUG[0m [1;34mmdns_sd::service_daemon[0m[34m: [34mdel_interface: interface lo not found[0m
    [2;3mat[0m /home/scott/.cargo/registry/src/index.crates.io-1949cf8c6b5b557f/mdns-sd-0.15.1/src/service_daemon.rs:1503

  [2m2026-01-30T21:35:06.045861Z[0m [34mDEBUG[0m [1;34mmdns_sd::service_daemon[0m[34m: [34mdel_interface: interface lo not found[0m
    [2;3mat[0m /home/scott/.cargo/registry/src/index.crates.io-1949cf8c6b5b557f/mdns-sd-0.15.1/src/service_daemon.rs:1503

  [2m2026-01-30T21:35:11.071369Z[0m [34mDEBUG[0m [1;34mmdns_sd::service_daemon[0m[34m: [34mdel_interface: interface lo not found[0m
    [2;3mat[0m /home/scott/.cargo/registry/src/index.crates.io-1949cf8c6b5b557f/mdns-sd-0.15.1/src/service_daemon.rs:1503

  [2m2026-01-30T21:35:11.071451Z[0m [34mDEBUG[0m [1;34mmdns_sd::service_daemon[0m[34m: [34mdel_interface: interface lo not found[0m
    [2;3mat[0m /home/scott/.cargo/registry/src/index.crates.io-1949cf8c6b5b557f/mdns-sd-0.15.1/src/service_daemon.rs:1503

  [2m2026-01-30T21:35:16.076154Z[0m [34mDEBUG[0m [1;34mmdns_sd::service_daemon[0m[34m: [34mdel_interface: interface lo not found[0m
    [2;3mat[0m /home/scott/.cargo/registry/src/index.crates.io-1949cf8c6b5b557f/mdns-sd-0.15.1/src/service_daemon.rs:1503

  [2m2026-01-30T21:35:16.076218Z[0m [34mDEBUG[0m [1;34mmdns_sd::service_daemon[0m[34m: [34mdel_interface: interface lo not found[0m
    [2;3mat[0m /home/scott/.cargo/registry/src/index.crates.io-1949cf8c6b5b557f/mdns-sd-0.15.1/src/service_daemon.rs:1503

  [2m2026-01-30T21:35:19.998690Z[0m [34mDEBUG[0m [1;34mninep_server::auto_mount[0m[34m: [34mStarting server discovery and auto-mount cycle[0m
    [2;3mat[0m src/auto_mount.rs:324

  [2m2026-01-30T21:35:19.998722Z[0m [34mDEBUG[0m [1;34mninep_server::auto_mount[0m[34m: [34mMounting server 127.0.0.1:5640 at "/home/scott/n/127_0_0_1_port_5640"[0m
    [2;3mat[0m src/auto_mount.rs:413

  [2m2026-01-30T21:35:19.998732Z[0m [34mDEBUG[0m [1;34mninep_server::auto_mount[0m[34m: [34mEstablishing Tcp connection to 127.0.0.1:5640[0m
    [2;3mat[0m src/auto_mount.rs:457

  [2m2026-01-30T21:35:19.998735Z[0m [32m INFO[0m [1;32mninep_server::transport::tcp[0m[32m: [32mInitializing legacy TCP transport[0m
    [2;3mat[0m src/transport/tcp.rs:22

  [2m2026-01-30T21:35:19.998739Z[0m [34mDEBUG[0m [1;34mninep_server::transport::tcp[0m[34m: [34mConnecting to 127.0.0.1:5640 via TCP[0m
    [2;3mat[0m src/transport/tcp.rs:36

  [2m2026-01-30T21:35:19.998814Z[0m [31mERROR[0m [1;31mninep_server::auto_mount[0m[31m: [31mConnection test failed: Connection refused (os error 111)[0m
    [2;3mat[0m src/auto_mount.rs:475

  [2m2026-01-30T21:35:19.998825Z[0m [33m WARN[0m [1;33mninep_server::auto_mount[0m[33m: [33mFailed to mount server 127.0.0.1:5640: Connection test failed: Connection refused (os error 111)[0m
    [2;3mat[0m src/auto_mount.rs:361

  [2m2026-01-30T21:35:19.998832Z[0m [34mDEBUG[0m [1;34mninep_server::auto_mount[0m[34m: [34mMounting server 127.0.0.1:5641 at "/home/scott/n/127_0_0_1_port_5641"[0m
    [2;3mat[0m src/auto_mount.rs:413

  [2m2026-01-30T21:35:19.998837Z[0m [34mDEBUG[0m [1;34mninep_server::auto_mount[0m[34m: [34mEstablishing Tcp connection to 127.0.0.1:5641[0m
    [2;3mat[0m src/auto_mount.rs:457

  [2m2026-01-30T21:35:19.998839Z[0m [32m INFO[0m [1;32mninep_server::transport::tcp[0m[32m: [32mInitializing legacy TCP transport[0m
    [2;3mat[0m src/transport/tcp.rs:22

  [2m2026-01-30T21:35:19.998842Z[0m [34mDEBUG[0m [1;34mninep_server::transport::tcp[0m[34m: [34mConnecting to 127.0.0.1:5641 via TCP[0m
    [2;3mat[0m src/transport/tcp.rs:36

  [2m2026-01-30T21:35:19.998863Z[0m [31mERROR[0m [1;31mninep_server::auto_mount[0m[31m: [31mConnection test failed: Connection refused (os error 111)[0m
    [2;3mat[0m src/auto_mount.rs:475

  [2m2026-01-30T21:35:19.998873Z[0m [33m WARN[0m [1;33mninep_server::auto_mount[0m[33m: [33mFailed to mount server 127.0.0.1:5641: Connection test failed: Connection refused (os error 111)[0m
    [2;3mat[0m src/auto_mount.rs:361

  [2m2026-01-30T21:35:19.998879Z[0m [34mDEBUG[0m [1;34mninep_server::auto_mount[0m[34m: [34mMounting server 127.0.0.1:5642 at "/home/scott/n/127_0_0_1_port_5642"[0m
    [2;3mat[0m src/auto_mount.rs:413

  [2m2026-01-30T21:35:19.998883Z[0m [34mDEBUG[0m [1;34mninep_server::auto_mount[0m[34m: [34mEstablishing Tcp connection to 127.0.0.1:5642[0m
    [2;3mat[0m src/auto_mount.rs:457

  [2m2026-01-30T21:35:19.998885Z[0m [32m INFO[0m [1;32mninep_server::transport::tcp[0m[32m: [32mInitializing legacy TCP transport[0m
    [2;3mat[0m src/transport/tcp.rs:22

  [2m2026-01-30T21:35:19.998888Z[0m [34mDEBUG[0m [1;34mninep_server::transport::tcp[0m[34m: [34mConnecting to 127.0.0.1:5642 via TCP[0m
    [2;3mat[0m src/transport/tcp.rs:36

  [2m2026-01-30T21:35:19.998906Z[0m [31mERROR[0m [1;31mninep_server::auto_mount[0m[31m: [31mConnection test failed: Connection refused (os error 111)[0m
    [2;3mat[0m src/auto_mount.rs:475

  [2m2026-01-30T21:35:19.998910Z[0m [33m WARN[0m [1;33mninep_server::auto_mount[0m[33m: [33mFailed to mount server 127.0.0.1:5642: Connection test failed: Connection refused (os error 111)[0m
    [2;3mat[0m src/auto_mount.rs:361

  [2m2026-01-30T21:35:21.076820Z[0m [34mDEBUG[0m [1;34mmdns_sd::service_daemon[0m[34m: [34mdel_interface: interface lo not found[0m
    [2;3mat[0m /home/scott/.cargo/registry/src/index.crates.io-1949cf8c6b5b557f/mdns-sd-0.15.1/src/service_daemon.rs:1503

  [2m2026-01-30T21:35:21.076845Z[0m [34mDEBUG[0m [1;34mmdns_sd::service_daemon[0m[34m: [34mdel_interface: interface lo not found[0m
    [2;3mat[0m /home/scott/.cargo/registry/src/index.crates.io-1949cf8c6b5b557f/mdns-sd-0.15.1/src/service_daemon.rs:1503

  [2m2026-01-30T21:35:23.000182Z[0m [34mDEBUG[0m [1;34mninep_server::mesh[0m[34m: [34mDHT empty, waiting for bootstrap peers[0m
    [2;3mat[0m src/mesh.rs:397

  [2m2026-01-30T21:35:26.086945Z[0m [34mDEBUG[0m [1;34mmdns_sd::service_daemon[0m[34m: [34mdel_interface: interface lo not found[0m
    [2;3mat[0m /home/scott/.cargo/registry/src/index.crates.io-1949cf8c6b5b557f/mdns-sd-0.15.1/src/service_daemon.rs:1503

  [2m2026-01-30T21:35:26.087019Z[0m [34mDEBUG[0m [1;34mmdns_sd::service_daemon[0m[34m: [34mdel_interface: interface lo not found[0m
    [2;3mat[0m /home/scott/.cargo/registry/src/index.crates.io-1949cf8c6b5b557f/mdns-sd-0.15.1/src/service_daemon.rs:1503

  [2m2026-01-30T21:35:31.100362Z[0m [34mDEBUG[0m [1;34mmdns_sd::service_daemon[0m[34m: [34mdel_interface: interface lo not found[0m
    [2;3mat[0m /home/scott/.cargo/registry/src/index.crates.io-1949cf8c6b5b557f/mdns-sd-0.15.1/src/service_daemon.rs:1503

  [2m2026-01-30T21:35:31.100391Z[0m [34mDEBUG[0m [1;34mmdns_sd::service_daemon[0m[34m: [34mdel_interface: interface lo not found[0m
    [2;3mat[0m /home/scott/.cargo/registry/src/index.crates.io-1949cf8c6b5b557f/mdns-sd-0.15.1/src/service_daemon.rs:1503

  [2m2026-01-30T21:35:36.125316Z[0m [34mDEBUG[0m [1;34mmdns_sd::service_daemon[0m[34m: [34mdel_interface: interface lo not found[0m
    [2;3mat[0m /home/scott/.cargo/registry/src/index.crates.io-1949cf8c6b5b557f/mdns-sd-0.15.1/src/service_daemon.rs:1503

  [2m2026-01-30T21:35:36.125395Z[0m [34mDEBUG[0m [1;34mmdns_sd::service_daemon[0m[34m: [34mdel_interface: interface lo not found[0m
    [2;3mat[0m /home/scott/.cargo/registry/src/index.crates.io-1949cf8c6b5b557f/mdns-sd-0.15.1/src/service_daemon.rs:1503

  [2m2026-01-30T21:35:41.128306Z[0m [34mDEBUG[0m [1;34mmdns_sd::service_daemon[0m[34m: [34mdel_interface: interface lo not found[0m
    [2;3mat[0m /home/scott/.cargo/registry/src/index.crates.io-1949cf8c6b5b557f/mdns-sd-0.15.1/src/service_daemon.rs:1503

  [2m2026-01-30T21:35:41.128377Z[0m [34mDEBUG[0m [1;34mmdns_sd::service_daemon[0m[34m: [34mdel_interface: interface lo not found[0m
    [2;3mat[0m /home/scott/.cargo/registry/src/index.crates.io-1949cf8c6b5b557f/mdns-sd-0.15.1/src/service_daemon.rs:1503

  [2m2026-01-30T21:35:46.152950Z[0m [34mDEBUG[0m [1;34mmdns_sd::service_daemon[0m[34m: [34mdel_interface: interface lo not found[0m
    [2;3mat[0m /home/scott/.cargo/registry/src/index.crates.io-1949cf8c6b5b557f/mdns-sd-0.15.1/src/service_daemon.rs:1503

  [2m2026-01-30T21:35:46.153026Z[0m [34mDEBUG[0m [1;34mmdns_sd::service_daemon[0m[34m: [34mdel_interface: interface lo not found[0m
    [2;3mat[0m /home/scott/.cargo/registry/src/index.crates.io-1949cf8c6b5b557f/mdns-sd-0.15.1/src/service_daemon.rs:1503

  [2m2026-01-30T21:35:49.998910Z[0m [34mDEBUG[0m [1;34mninep_server::auto_mount[0m[34m: [34mStarting server discovery and auto-mount cycle[0m
    [2;3mat[0m src/auto_mount.rs:324

  [2m2026-01-30T21:35:49.999015Z[0m [34mDEBUG[0m [1;34mninep_server::auto_mount[0m[34m: [34mMounting server 127.0.0.1:5640 at "/home/scott/n/127_0_0_1_port_5640"[0m
    [2;3mat[0m src/auto_mount.rs:413

  [2m2026-01-30T21:35:49.999059Z[0m [34mDEBUG[0m [1;34mninep_server::auto_mount[0m[34m: [34mEstablishing Tcp connection to 127.0.0.1:5640[0m
    [2;3mat[0m src/auto_mount.rs:457

  [2m2026-01-30T21:35:49.999075Z[0m [32m INFO[0m [1;32mninep_server::transport::tcp[0m[32m: [32mInitializing legacy TCP transport[0m
    [2;3mat[0m src/transport/tcp.rs:22

  [2m2026-01-30T21:35:49.999091Z[0m [34mDEBUG[0m [1;34mninep_server::transport::tcp[0m[34m: [34mConnecting to 127.0.0.1:5640 via TCP[0m
    [2;3mat[0m src/transport/tcp.rs:36

  [2m2026-01-30T21:35:49.999376Z[0m [31mERROR[0m [1;31mninep_server::auto_mount[0m[31m: [31mConnection test failed: Connection refused (os error 111)[0m
    [2;3mat[0m src/auto_mount.rs:475

  [2m2026-01-30T21:35:49.999458Z[0m [33m WARN[0m [1;33mninep_server::auto_mount[0m[33m: [33mFailed to mount server 127.0.0.1:5640: Connection test failed: Connection refused (os error 111)[0m
    [2;3mat[0m src/auto_mount.rs:361

  [2m2026-01-30T21:35:49.999491Z[0m [34mDEBUG[0m [1;34mninep_server::auto_mount[0m[34m: [34mMounting server 127.0.0.1:5641 at "/home/scott/n/127_0_0_1_port_5641"[0m
    [2;3mat[0m src/auto_mount.rs:413

  [2m2026-01-30T21:35:49.999521Z[0m [34mDEBUG[0m [1;34mninep_server::auto_mount[0m[34m: [34mEstablishing Tcp connection to 127.0.0.1:5641[0m
    [2;3mat[0m src/auto_mount.rs:457

  [2m2026-01-30T21:35:49.999532Z[0m [32m INFO[0m [1;32mninep_server::transport::tcp[0m[32m: [32mInitializing legacy TCP transport[0m
    [2;3mat[0m src/transport/tcp.rs:22

  [2m2026-01-30T21:35:49.999544Z[0m [34mDEBUG[0m [1;34mninep_server::transport::tcp[0m[34m: [34mConnecting to 127.0.0.1:5641 via TCP[0m
    [2;3mat[0m src/transport/tcp.rs:36

  [2m2026-01-30T21:35:49.999677Z[0m [31mERROR[0m [1;31mninep_server::auto_mount[0m[31m: [31mConnection test failed: Connection refused (os error 111)[0m
    [2;3mat[0m src/auto_mount.rs:475

  [2m2026-01-30T21:35:49.999701Z[0m [33m WARN[0m [1;33mninep_server::auto_mount[0m[33m: [33mFailed to mount server 127.0.0.1:5641: Connection test failed: Connection refused (os error 111)[0m
    [2;3mat[0m src/auto_mount.rs:361

  [2m2026-01-30T21:35:49.999722Z[0m [34mDEBUG[0m [1;34mninep_server::auto_mount[0m[34m: [34mMounting server 127.0.0.1:5642 at "/home/scott/n/127_0_0_1_port_5642"[0m
    [2;3mat[0m src/auto_mount.rs:413

  [2m2026-01-30T21:35:49.999744Z[0m [34mDEBUG[0m [1;34mninep_server::auto_mount[0m[34m: [34mEstablishing Tcp connection to 127.0.0.1:5642[0m
    [2;3mat[0m src/auto_mount.rs:457

  [2m2026-01-30T21:35:49.999754Z[0m [32m INFO[0m [1;32mninep_server::transport::tcp[0m[32m: [32mInitializing legacy TCP transport[0m
    [2;3mat[0m src/transport/tcp.rs:22

  [2m2026-01-30T21:35:49.999764Z[0m [34mDEBUG[0m [1;34mninep_server::transport::tcp[0m[34m: [34mConnecting to 127.0.0.1:5642 via TCP[0m
    [2;3mat[0m src/transport/tcp.rs:36

  [2m2026-01-30T21:35:49.999879Z[0m [31mERROR[0m [1;31mninep_server::auto_mount[0m[31m: [31mConnection test failed: Connection refused (os error 111)[0m
    [2;3mat[0m src/auto_mount.rs:475

  [2m2026-01-30T21:35:49.999909Z[0m [33m WARN[0m [1;33mninep_server::auto_mount[0m[33m: [33mFailed to mount server 127.0.0.1:5642: Connection test failed: Connection refused (os error 111)[0m
    [2;3mat[0m src/auto_mount.rs:361

  [2m2026-01-30T21:35:51.177269Z[0m [34mDEBUG[0m [1;34mmdns_sd::service_daemon[0m[34m: [34mdel_interface: interface lo not found[0m
    [2;3mat[0m /home/scott/.cargo/registry/src/index.crates.io-1949cf8c6b5b557f/mdns-sd-0.15.1/src/service_daemon.rs:1503

  [2m2026-01-30T21:35:51.177337Z[0m [34mDEBUG[0m [1;34mmdns_sd::service_daemon[0m[34m: [34mdel_interface: interface lo not found[0m
    [2;3mat[0m /home/scott/.cargo/registry/src/index.crates.io-1949cf8c6b5b557f/mdns-sd-0.15.1/src/service_daemon.rs:1503

  [2m2026-01-30T21:35:53.001076Z[0m [34mDEBUG[0m [1;34mninep_server::mesh[0m[34m: [34mDHT empty, waiting for bootstrap peers[0m
    [2;3mat[0m src/mesh.rs:397

  [2m2026-01-30T21:35:56.202058Z[0m [34mDEBUG[0m [1;34mmdns_sd::service_daemon[0m[34m: [34mdel_interface: interface lo not found[0m
    [2;3mat[0m /home/scott/.cargo/registry/src/index.crates.io-1949cf8c6b5b557f/mdns-sd-0.15.1/src/service_daemon.rs:1503

  [2m2026-01-30T21:35:56.202115Z[0m [34mDEBUG[0m [1;34mmdns_sd::service_daemon[0m[34m: [34mdel_interface: interface lo not found[0m
    [2;3mat[0m /home/scott/.cargo/registry/src/index.crates.io-1949cf8c6b5b557f/mdns-sd-0.15.1/src/service_daemon.rs:1503

  [2m2026-01-30T21:36:01.222671Z[0m [34mDEBUG[0m [1;34mmdns_sd::service_daemon[0m[34m: [34mdel_interface: interface lo not found[0m
    [2;3mat[0m /home/scott/.cargo/registry/src/index.crates.io-1949cf8c6b5b557f/mdns-sd-0.15.1/src/service_daemon.rs:1503

  [2m2026-01-30T21:36:01.222731Z[0m [34mDEBUG[0m [1;34mmdns_sd::service_daemon[0m[34m: [34mdel_interface: interface lo not found[0m
    [2;3mat[0m /home/scott/.cargo/registry/src/index.crates.io-1949cf8c6b5b557f/mdns-sd-0.15.1/src/service_daemon.rs:1503

  [2m2026-01-30T21:36:06.224166Z[0m [34mDEBUG[0m [1;34mmdns_sd::service_daemon[0m[34m: [34mdel_interface: interface lo not found[0m
    [2;3mat[0m /home/scott/.cargo/registry/src/index.crates.io-1949cf8c6b5b557f/mdns-sd-0.15.1/src/service_daemon.rs:1503

  [2m2026-01-30T21:36:06.224226Z[0m [34mDEBUG[0m [1;34mmdns_sd::service_daemon[0m[34m: [34mdel_interface: interface lo not found[0m
    [2;3mat[0m /home/scott/.cargo/registry/src/index.crates.io-1949cf8c6b5b557f/mdns-sd-0.15.1/src/service_daemon.rs:1503

  [2m2026-01-30T21:36:11.228156Z[0m [34mDEBUG[0m [1;34mmdns_sd::service_daemon[0m[34m: [34mdel_interface: interface lo not found[0m
    [2;3mat[0m /home/scott/.cargo/registry/src/index.crates.io-1949cf8c6b5b557f/mdns-sd-0.15.1/src/service_daemon.rs:1503

  [2m2026-01-30T21:36:11.228208Z[0m [34mDEBUG[0m [1;34mmdns_sd::service_daemon[0m[34m: [34mdel_interface: interface lo not found[0m
    [2;3mat[0m /home/scott/.cargo/registry/src/index.crates.io-1949cf8c6b5b557f/mdns-sd-0.15.1/src/service_daemon.rs:1503

  [2m2026-01-30T21:36:16.252145Z[0m [34mDEBUG[0m [1;34mmdns_sd::service_daemon[0m[34m: [34mdel_interface: interface lo not found[0m
    [2;3mat[0m /home/scott/.cargo/registry/src/index.crates.io-1949cf8c6b5b557f/mdns-sd-0.15.1/src/service_daemon.rs:1503

  [2m2026-01-30T21:36:16.252201Z[0m [34mDEBUG[0m [1;34mmdns_sd::service_daemon[0m[34m: [34mdel_interface: interface lo not found[0m
    [2;3mat[0m /home/scott/.cargo/registry/src/index.crates.io-1949cf8c6b5b557f/mdns-sd-0.15.1/src/service_daemon.rs:1503

  [2m2026-01-30T21:36:19.999094Z[0m [34mDEBUG[0m [1;34mninep_server::auto_mount[0m[34m: [34mStarting server discovery and auto-mount cycle[0m
    [2;3mat[0m src/auto_mount.rs:324

  [2m2026-01-30T21:36:19.999201Z[0m [34mDEBUG[0m [1;34mninep_server::auto_mount[0m[34m: [34mMounting server 127.0.0.1:5640 at "/home/scott/n/127_0_0_1_port_5640"[0m
    [2;3mat[0m src/auto_mount.rs:413

  [2m2026-01-30T21:36:19.999243Z[0m [34mDEBUG[0m [1;34mninep_server::auto_mount[0m[34m: [34mEstablishing Tcp connection to 127.0.0.1:5640[0m
    [2;3mat[0m src/auto_mount.rs:457

  [2m2026-01-30T21:36:19.999260Z[0m [32m INFO[0m [1;32mninep_server::transport::tcp[0m[32m: [32mInitializing legacy TCP transport[0m
    [2;3mat[0m src/transport/tcp.rs:22

  [2m2026-01-30T21:36:19.999276Z[0m [34mDEBUG[0m [1;34mninep_server::transport::tcp[0m[34m: [34mConnecting to 127.0.0.1:5640 via TCP[0m
    [2;3mat[0m src/transport/tcp.rs:36

  [2m2026-01-30T21:36:19.999495Z[0m [31mERROR[0m [1;31mninep_server::auto_mount[0m[31m: [31mConnection test failed: Connection refused (os error 111)[0m
    [2;3mat[0m src/auto_mount.rs:475

  [2m2026-01-30T21:36:19.999535Z[0m [33m WARN[0m [1;33mninep_server::auto_mount[0m[33m: [33mFailed to mount server 127.0.0.1:5640: Connection test failed: Connection refused (os error 111)[0m
    [2;3mat[0m src/auto_mount.rs:361

  [2m2026-01-30T21:36:19.999699Z[0m [34mDEBUG[0m [1;34mninep_server::auto_mount[0m[34m: [34mMounting server 127.0.0.1:5641 at "/home/scott/n/127_0_0_1_port_5641"[0m
    [2;3mat[0m src/auto_mount.rs:413

  [2m2026-01-30T21:36:19.999740Z[0m [34mDEBUG[0m [1;34mninep_server::auto_mount[0m[34m: [34mEstablishing Tcp connection to 127.0.0.1:5641[0m
    [2;3mat[0m src/auto_mount.rs:457

  [2m2026-01-30T21:36:19.999752Z[0m [32m INFO[0m [1;32mninep_server::transport::tcp[0m[32m: [32mInitializing legacy TCP transport[0m
    [2;3mat[0m src/transport/tcp.rs:22

  [2m2026-01-30T21:36:19.999807Z[0m [34mDEBUG[0m [1;34mninep_server::transport::tcp[0m[34m: [34mConnecting to 127.0.0.1:5641 via TCP[0m
    [2;3mat[0m src/transport/tcp.rs:36

  [2m2026-01-30T21:36:20.000007Z[0m [31mERROR[0m [1;31mninep_server::auto_mount[0m[31m: [31mConnection test failed: Connection refused (os error 111)[0m
    [2;3mat[0m src/auto_mount.rs:475

  [2m2026-01-30T21:36:20.000029Z[0m [33m WARN[0m [1;33mninep_server::auto_mount[0m[33m: [33mFailed to mount server 127.0.0.1:5641: Connection test failed: Connection refused (os error 111)[0m
    [2;3mat[0m src/auto_mount.rs:361

  [2m2026-01-30T21:36:20.000048Z[0m [34mDEBUG[0m [1;34mninep_server::auto_mount[0m[34m: [34mMounting server 127.0.0.1:5642 at "/home/scott/n/127_0_0_1_port_5642"[0m
    [2;3mat[0m src/auto_mount.rs:413

  [2m2026-01-30T21:36:20.000061Z[0m [34mDEBUG[0m [1;34mninep_server::auto_mount[0m[34m: [34mEstablishing Tcp connection to 127.0.0.1:5642[0m
    [2;3mat[0m src/auto_mount.rs:457

  [2m2026-01-30T21:36:20.000067Z[0m [32m INFO[0m [1;32mninep_server::transport::tcp[0m[32m: [32mInitializing legacy TCP transport[0m
    [2;3mat[0m src/transport/tcp.rs:22

  [2m2026-01-30T21:36:20.000075Z[0m [34mDEBUG[0m [1;34mninep_server::transport::tcp[0m[34m: [34mConnecting to 127.0.0.1:5642 via TCP[0m
    [2;3mat[0m src/transport/tcp.rs:36

  [2m2026-01-30T21:36:20.000126Z[0m [31mERROR[0m [1;31mninep_server::auto_mount[0m[31m: [31mConnection test failed: Connection refused (os error 111)[0m
    [2;3mat[0m src/auto_mount.rs:475

  [2m2026-01-30T21:36:20.000136Z[0m [33m WARN[0m [1;33mninep_server::auto_mount[0m[33m: [33mFailed to mount server 127.0.0.1:5642: Connection test failed: Connection refused (os error 111)[0m
    [2;3mat[0m src/auto_mount.rs:361

  [2m2026-01-30T21:36:21.266943Z[0m [34mDEBUG[0m [1;34mmdns_sd::service_daemon[0m[34m: [34mdel_interface: interface lo not found[0m
    [2;3mat[0m /home/scott/.cargo/registry/src/index.crates.io-1949cf8c6b5b557f/mdns-sd-0.15.1/src/service_daemon.rs:1503

  [2m2026-01-30T21:36:21.266999Z[0m [34mDEBUG[0m [1;34mmdns_sd::service_daemon[0m[34m: [34mdel_interface: interface lo not found[0m
    [2;3mat[0m /home/scott/.cargo/registry/src/index.crates.io-1949cf8c6b5b557f/mdns-sd-0.15.1/src/service_daemon.rs:1503

  [2m2026-01-30T21:36:23.001163Z[0m [34mDEBUG[0m [1;34mninep_server::mesh[0m[34m: [34mDHT empty, waiting for bootstrap peers[0m
    [2;3mat[0m src/mesh.rs:397

  [2m2026-01-30T21:36:26.290941Z[0m [34mDEBUG[0m [1;34mmdns_sd::service_daemon[0m[34m: [34mdel_interface: interface lo not found[0m
    [2;3mat[0m /home/scott/.cargo/registry/src/index.crates.io-1949cf8c6b5b557f/mdns-sd-0.15.1/src/service_daemon.rs:1503

  [2m2026-01-30T21:36:26.290963Z[0m [34mDEBUG[0m [1;34mmdns_sd::service_daemon[0m[34m: [34mdel_interface: interface lo not found[0m
    [2;3mat[0m /home/scott/.cargo/registry/src/index.crates.io-1949cf8c6b5b557f/mdns-sd-0.15.1/src/service_daemon.rs:1503

  [2m2026-01-30T21:36:31.316334Z[0m [34mDEBUG[0m [1;34mmdns_sd::service_daemon[0m[34m: [34mdel_interface: interface lo not found[0m
    [2;3mat[0m /home/scott/.cargo/registry/src/index.crates.io-1949cf8c6b5b557f/mdns-sd-0.15.1/src/service_daemon.rs:1503

  [2m2026-01-30T21:36:31.316388Z[0m [34mDEBUG[0m [1;34mmdns_sd::service_daemon[0m[34m: [34mdel_interface: interface lo not found[0m
    [2;3mat[0m /home/scott/.cargo/registry/src/index.crates.io-1949cf8c6b5b557f/mdns-sd-0.15.1/src/service_daemon.rs:1503

  [2m2026-01-30T21:36:36.341152Z[0m [34mDEBUG[0m [1;34mmdns_sd::service_daemon[0m[34m: [34mdel_interface: interface lo not found[0m
    [2;3mat[0m /home/scott/.cargo/registry/src/index.crates.io-1949cf8c6b5b557f/mdns-sd-0.15.1/src/service_daemon.rs:1503

  [2m2026-01-30T21:36:36.341206Z[0m [34mDEBUG[0m [1;34mmdns_sd::service_daemon[0m[34m: [34mdel_interface: interface lo not found[0m
    [2;3mat[0m /home/scott/.cargo/registry/src/index.crates.io-1949cf8c6b5b557f/mdns-sd-0.15.1/src/service_daemon.rs:1503

  [2m2026-01-30T21:36:41.364931Z[0m [34mDEBUG[0m [1;34mmdns_sd::service_daemon[0m[34m: [34mdel_interface: interface lo not found[0m
    [2;3mat[0m /home/scott/.cargo/registry/src/index.crates.io-1949cf8c6b5b557f/mdns-sd-0.15.1/src/service_daemon.rs:1503

  [2m2026-01-30T21:36:41.364954Z[0m [34mDEBUG[0m [1;34mmdns_sd::service_daemon[0m[34m: [34mdel_interface: interface lo not found[0m
    [2;3mat[0m /home/scott/.cargo/registry/src/index.crates.io-1949cf8c6b5b557f/mdns-sd-0.15.1/src/service_daemon.rs:1503

  [2m2026-01-30T21:36:46.380157Z[0m [34mDEBUG[0m [1;34mmdns_sd::service_daemon[0m[34m: [34mdel_interface: interface lo not found[0m
    [2;3mat[0m /home/scott/.cargo/registry/src/index.crates.io-1949cf8c6b5b557f/mdns-sd-0.15.1/src/service_daemon.rs:1503

  [2m2026-01-30T21:36:46.380218Z[0m [34mDEBUG[0m [1;34mmdns_sd::service_daemon[0m[34m: [34mdel_interface: interface lo not found[0m
    [2;3mat[0m /home/scott/.cargo/registry/src/index.crates.io-1949cf8c6b5b557f/mdns-sd-0.15.1/src/service_daemon.rs:1503

  [2m2026-01-30T21:36:49.998989Z[0m [34mDEBUG[0m [1;34mninep_server::auto_mount[0m[34m: [34mStarting server discovery and auto-mount cycle[0m
    [2;3mat[0m src/auto_mount.rs:324

  [2m2026-01-30T21:36:49.999015Z[0m [34mDEBUG[0m [1;34mninep_server::auto_mount[0m[34m: [34mMounting server 127.0.0.1:5640 at "/home/scott/n/127_0_0_1_port_5640"[0m
    [2;3mat[0m src/auto_mount.rs:413

  [2m2026-01-30T21:36:49.999023Z[0m [34mDEBUG[0m [1;34mninep_server::auto_mount[0m[34m: [34mEstablishing Tcp connection to 127.0.0.1:5640[0m
    [2;3mat[0m src/auto_mount.rs:457

  [2m2026-01-30T21:36:49.999025Z[0m [32m INFO[0m [1;32mninep_server::transport::tcp[0m[32m: [32mInitializing legacy TCP transport[0m
    [2;3mat[0m src/transport/tcp.rs:22

  [2m2026-01-30T21:36:49.999028Z[0m [34mDEBUG[0m [1;34mninep_server::transport::tcp[0m[34m: [34mConnecting to 127.0.0.1:5640 via TCP[0m
    [2;3mat[0m src/transport/tcp.rs:36

  [2m2026-01-30T21:36:49.999089Z[0m [31mERROR[0m [1;31mninep_server::auto_mount[0m[31m: [31mConnection test failed: Connection refused (os error 111)[0m
    [2;3mat[0m src/auto_mount.rs:475

  [2m2026-01-30T21:36:49.999101Z[0m [33m WARN[0m [1;33mninep_server::auto_mount[0m[33m: [33mFailed to mount server 127.0.0.1:5640: Connection test failed: Connection refused (os error 111)[0m
    [2;3mat[0m src/auto_mount.rs:361

  [2m2026-01-30T21:36:49.999107Z[0m [34mDEBUG[0m [1;34mninep_server::auto_mount[0m[34m: [34mMounting server 127.0.0.1:5641 at "/home/scott/n/127_0_0_1_port_5641"[0m
    [2;3mat[0m src/auto_mount.rs:413

  [2m2026-01-30T21:36:49.999112Z[0m [34mDEBUG[0m [1;34mninep_server::auto_mount[0m[34m: [34mEstablishing Tcp connection to 127.0.0.1:5641[0m
    [2;3mat[0m src/auto_mount.rs:457

  [2m2026-01-30T21:36:49.999114Z[0m [32m INFO[0m [1;32mninep_server::transport::tcp[0m[32m: [32mInitializing legacy TCP transport[0m
    [2;3mat[0m src/transport/tcp.rs:22

  [2m2026-01-30T21:36:49.999116Z[0m [34mDEBUG[0m [1;34mninep_server::transport::tcp[0m[34m: [34mConnecting to 127.0.0.1:5641 via TCP[0m
    [2;3mat[0m src/transport/tcp.rs:36

  [2m2026-01-30T21:36:49.999140Z[0m [31mERROR[0m [1;31mninep_server::auto_mount[0m[31m: [31mConnection test failed: Connection refused (os error 111)[0m
    [2;3mat[0m src/auto_mount.rs:475

  [2m2026-01-30T21:36:49.999142Z[0m [33m WARN[0m [1;33mninep_server::auto_mount[0m[33m: [33mFailed to mount server 127.0.0.1:5641: Connection test failed: Connection refused (os error 111)[0m
    [2;3mat[0m src/auto_mount.rs:361

  [2m2026-01-30T21:36:49.999145Z[0m [34mDEBUG[0m [1;34mninep_server::auto_mount[0m[34m: [34mMounting server 127.0.0.1:5642 at "/home/scott/n/127_0_0_1_port_5642"[0m
    [2;3mat[0m src/auto_mount.rs:413

  [2m2026-01-30T21:36:49.999148Z[0m [34mDEBUG[0m [1;34mninep_server::auto_mount[0m[34m: [34mEstablishing Tcp connection to 127.0.0.1:5642[0m
    [2;3mat[0m src/auto_mount.rs:457

  [2m2026-01-30T21:36:49.999154Z[0m [32m INFO[0m [1;32mninep_server::transport::tcp[0m[32m: [32mInitializing legacy TCP transport[0m
    [2;3mat[0m src/transport/tcp.rs:22

  [2m2026-01-30T21:36:49.999156Z[0m [34mDEBUG[0m [1;34mninep_server::transport::tcp[0m[34m: [34mConnecting to 127.0.0.1:5642 via TCP[0m
    [2;3mat[0m src/transport/tcp.rs:36

  [2m2026-01-30T21:36:49.999163Z[0m [31mERROR[0m [1;31mninep_server::auto_mount[0m[31m: [31mConnection test failed: Connection refused (os error 111)[0m
    [2;3mat[0m src/auto_mount.rs:475

  [2m2026-01-30T21:36:49.999165Z[0m [33m WARN[0m [1;33mninep_server::auto_mount[0m[33m: [33mFailed to mount server 127.0.0.1:5642: Connection test failed: Connection refused (os error 111)[0m
    [2;3mat[0m src/auto_mount.rs:361

  [2m2026-01-30T21:36:51.397733Z[0m [34mDEBUG[0m [1;34mmdns_sd::service_daemon[0m[34m: [34mdel_interface: interface lo not found[0m
    [2;3mat[0m /home/scott/.cargo/registry/src/index.crates.io-1949cf8c6b5b557f/mdns-sd-0.15.1/src/service_daemon.rs:1503

  [2m2026-01-30T21:36:51.397817Z[0m [34mDEBUG[0m [1;34mmdns_sd::service_daemon[0m[34m: [34mdel_interface: interface lo not found[0m
    [2;3mat[0m /home/scott/.cargo/registry/src/index.crates.io-1949cf8c6b5b557f/mdns-sd-0.15.1/src/service_daemon.rs:1503

  [2m2026-01-30T21:36:53.000361Z[0m [34mDEBUG[0m [1;34mninep_server::mesh[0m[34m: [34mDHT empty, waiting for bootstrap peers[0m
    [2;3mat[0m src/mesh.rs:397

  [2m2026-01-30T21:36:56.423280Z[0m [34mDEBUG[0m [1;34mmdns_sd::service_daemon[0m[34m: [34mdel_interface: interface lo not found[0m
    [2;3mat[0m /home/scott/.cargo/registry/src/index.crates.io-1949cf8c6b5b557f/mdns-sd-0.15.1/src/service_daemon.rs:1503

  [2m2026-01-30T21:36:56.423336Z[0m [34mDEBUG[0m [1;34mmdns_sd::service_daemon[0m[34m: [34mdel_interface: interface lo not found[0m
    [2;3mat[0m /home/scott/.cargo/registry/src/index.crates.io-1949cf8c6b5b557f/mdns-sd-0.15.1/src/service_daemon.rs:1503

  [2m2026-01-30T21:37:01.426345Z[0m [34mDEBUG[0m [1;34mmdns_sd::service_daemon[0m[34m: [34mdel_interface: interface lo not found[0m
    [2;3mat[0m /home/scott/.cargo/registry/src/index.crates.io-1949cf8c6b5b557f/mdns-sd-0.15.1/src/service_daemon.rs:1503

  [2m2026-01-30T21:37:01.426409Z[0m [34mDEBUG[0m [1;34mmdns_sd::service_daemon[0m[34m: [34mdel_interface: interface lo not found[0m
    [2;3mat[0m /home/scott/.cargo/registry/src/index.crates.io-1949cf8c6b5b557f/mdns-sd-0.15.1/src/service_daemon.rs:1503

  [2m2026-01-30T21:37:06.447404Z[0m [34mDEBUG[0m [1;34mmdns_sd::service_daemon[0m[34m: [34mdel_interface: interface lo not found[0m
    [2;3mat[0m /home/scott/.cargo/registry/src/index.crates.io-1949cf8c6b5b557f/mdns-sd-0.15.1/src/service_daemon.rs:1503

  [2m2026-01-30T21:37:06.447429Z[0m [34mDEBUG[0m [1;34mmdns_sd::service_daemon[0m[34m: [34mdel_interface: interface lo not found[0m
    [2;3mat[0m /home/scott/.cargo/registry/src/index.crates.io-1949cf8c6b5b557f/mdns-sd-0.15.1/src/service_daemon.rs:1503

  [2m2026-01-30T21:37:11.472680Z[0m [34mDEBUG[0m [1;34mmdns_sd::service_daemon[0m[34m: [34mdel_interface: interface lo not found[0m
    [2;3mat[0m /home/scott/.cargo/registry/src/index.crates.io-1949cf8c6b5b557f/mdns-sd-0.15.1/src/service_daemon.rs:1503

  [2m2026-01-30T21:37:11.472740Z[0m [34mDEBUG[0m [1;34mmdns_sd::service_daemon[0m[34m: [34mdel_interface: interface lo not found[0m
    [2;3mat[0m /home/scott/.cargo/registry/src/index.crates.io-1949cf8c6b5b557f/mdns-sd-0.15.1/src/service_daemon.rs:1503

  [2m2026-01-30T21:37:16.475986Z[0m [34mDEBUG[0m [1;34mmdns_sd::service_daemon[0m[34m: [34mdel_interface: interface lo not found[0m
    [2;3mat[0m /home/scott/.cargo/registry/src/index.crates.io-1949cf8c6b5b557f/mdns-sd-0.15.1/src/service_daemon.rs:1503

  [2m2026-01-30T21:37:16.476047Z[0m [34mDEBUG[0m [1;34mmdns_sd::service_daemon[0m[34m: [34mdel_interface: interface lo not found[0m
    [2;3mat[0m /home/scott/.cargo/registry/src/index.crates.io-1949cf8c6b5b557f/mdns-sd-0.15.1/src/service_daemon.rs:1503

  [2m2026-01-30T21:37:19.998904Z[0m [34mDEBUG[0m [1;34mninep_server::auto_mount[0m[34m: [34mStarting server discovery and auto-mount cycle[0m
    [2;3mat[0m src/auto_mount.rs:324

  [2m2026-01-30T21:37:19.998964Z[0m [34mDEBUG[0m [1;34mninep_server::auto_mount[0m[34m: [34mMounting server 127.0.0.1:5640 at "/home/scott/n/127_0_0_1_port_5640"[0m
    [2;3mat[0m src/auto_mount.rs:413

  [2m2026-01-30T21:37:19.998986Z[0m [34mDEBUG[0m [1;34mninep_server::auto_mount[0m[34m: [34mEstablishing Tcp connection to 127.0.0.1:5640[0m
    [2;3mat[0m src/auto_mount.rs:457

  [2m2026-01-30T21:37:19.998994Z[0m [32m INFO[0m [1;32mninep_server::transport::tcp[0m[32m: [32mInitializing legacy TCP transport[0m
    [2;3mat[0m src/transport/tcp.rs:22

  [2m2026-01-30T21:37:19.999003Z[0m [34mDEBUG[0m [1;34mninep_server::transport::tcp[0m[34m: [34mConnecting to 127.0.0.1:5640 via TCP[0m
    [2;3mat[0m src/transport/tcp.rs:36

  [2m2026-01-30T21:37:19.999129Z[0m [31mERROR[0m [1;31mninep_server::auto_mount[0m[31m: [31mConnection test failed: Connection refused (os error 111)[0m
    [2;3mat[0m src/auto_mount.rs:475

  [2m2026-01-30T21:37:19.999148Z[0m [33m WARN[0m [1;33mninep_server::auto_mount[0m[33m: [33mFailed to mount server 127.0.0.1:5640: Connection test failed: Connection refused (os error 111)[0m
    [2;3mat[0m src/auto_mount.rs:361

  [2m2026-01-30T21:37:19.999163Z[0m [34mDEBUG[0m [1;34mninep_server::auto_mount[0m[34m: [34mMounting server 127.0.0.1:5641 at "/home/scott/n/127_0_0_1_port_5641"[0m
    [2;3mat[0m src/auto_mount.rs:413

  [2m2026-01-30T21:37:19.999174Z[0m [34mDEBUG[0m [1;34mninep_server::auto_mount[0m[34m: [34mEstablishing Tcp connection to 127.0.0.1:5641[0m
    [2;3mat[0m src/auto_mount.rs:457

  [2m2026-01-30T21:37:19.999180Z[0m [32m INFO[0m [1;32mninep_server::transport::tcp[0m[32m: [32mInitializing legacy TCP transport[0m
    [2;3mat[0m src/transport/tcp.rs:22

  [2m2026-01-30T21:37:19.999187Z[0m [34mDEBUG[0m [1;34mninep_server::transport::tcp[0m[34m: [34mConnecting to 127.0.0.1:5641 via TCP[0m
    [2;3mat[0m src/transport/tcp.rs:36

  [2m2026-01-30T21:37:19.999225Z[0m [31mERROR[0m [1;31mninep_server::auto_mount[0m[31m: [31mConnection test failed: Connection refused (os error 111)[0m
    [2;3mat[0m src/auto_mount.rs:475

  [2m2026-01-30T21:37:19.999233Z[0m [33m WARN[0m [1;33mninep_server::auto_mount[0m[33m: [33mFailed to mount server 127.0.0.1:5641: Connection test failed: Connection refused (os error 111)[0m
    [2;3mat[0m src/auto_mount.rs:361

  [2m2026-01-30T21:37:19.999242Z[0m [34mDEBUG[0m [1;34mninep_server::auto_mount[0m[34m: [34mMounting server 127.0.0.1:5642 at "/home/scott/n/127_0_0_1_port_5642"[0m
    [2;3mat[0m src/auto_mount.rs:413

  [2m2026-01-30T21:37:19.999251Z[0m [34mDEBUG[0m [1;34mninep_server::auto_mount[0m[34m: [34mEstablishing Tcp connection to 127.0.0.1:5642[0m
    [2;3mat[0m src/auto_mount.rs:457

  [2m2026-01-30T21:37:19.999257Z[0m [32m INFO[0m [1;32mninep_server::transport::tcp[0m[32m: [32mInitializing legacy TCP transport[0m
    [2;3mat[0m src/transport/tcp.rs:22

  [2m2026-01-30T21:37:19.999263Z[0m [34mDEBUG[0m [1;34mninep_server::transport::tcp[0m[34m: [34mConnecting to 127.0.0.1:5642 via TCP[0m
    [2;3mat[0m src/transport/tcp.rs:36

  [2m2026-01-30T21:37:19.999292Z[0m [31mERROR[0m [1;31mninep_server::auto_mount[0m[31m: [31mConnection test failed: Connection refused (os error 111)[0m
    [2;3mat[0m src/auto_mount.rs:475

  [2m2026-01-30T21:37:19.999300Z[0m [33m WARN[0m [1;33mninep_server::auto_mount[0m[33m: [33mFailed to mount server 127.0.0.1:5642: Connection test failed: Connection refused (os error 111)[0m
    [2;3mat[0m src/auto_mount.rs:361

  [2m2026-01-30T21:37:21.499929Z[0m [34mDEBUG[0m [1;34mmdns_sd::service_daemon[0m[34m: [34mdel_interface: interface lo not found[0m
    [2;3mat[0m /home/scott/.cargo/registry/src/index.crates.io-1949cf8c6b5b557f/mdns-sd-0.15.1/src/service_daemon.rs:1503

  [2m2026-01-30T21:37:21.499957Z[0m [34mDEBUG[0m [1;34mmdns_sd::service_daemon[0m[34m: [34mdel_interface: interface lo not found[0m
    [2;3mat[0m /home/scott/.cargo/registry/src/index.crates.io-1949cf8c6b5b557f/mdns-sd-0.15.1/src/service_daemon.rs:1503

  [2m2026-01-30T21:37:23.000919Z[0m [34mDEBUG[0m [1;34mninep_server::mesh[0m[34m: [34mDHT empty, waiting for bootstrap peers[0m
    [2;3mat[0m src/mesh.rs:397

  [2m2026-01-30T21:37:26.525145Z[0m [34mDEBUG[0m [1;34mmdns_sd::service_daemon[0m[34m: [34mdel_interface: interface lo not found[0m
    [2;3mat[0m /home/scott/.cargo/registry/src/index.crates.io-1949cf8c6b5b557f/mdns-sd-0.15.1/src/service_daemon.rs:1503

  [2m2026-01-30T21:37:26.525203Z[0m [34mDEBUG[0m [1;34mmdns_sd::service_daemon[0m[34m: [34mdel_interface: interface lo not found[0m
    [2;3mat[0m /home/scott/.cargo/registry/src/index.crates.io-1949cf8c6b5b557f/mdns-sd-0.15.1/src/service_daemon.rs:1503

  [2m2026-01-30T21:37:31.549158Z[0m [34mDEBUG[0m [1;34mmdns_sd::service_daemon[0m[34m: [34mdel_interface: interface lo not found[0m
    [2;3mat[0m /home/scott/.cargo/registry/src/index.crates.io-1949cf8c6b5b557f/mdns-sd-0.15.1/src/service_daemon.rs:1503

  [2m2026-01-30T21:37:31.549214Z[0m [34mDEBUG[0m [1;34mmdns_sd::service_daemon[0m[34m: [34mdel_interface: interface lo not found[0m
    [2;3mat[0m /home/scott/.cargo/registry/src/index.crates.io-1949cf8c6b5b557f/mdns-sd-0.15.1/src/service_daemon.rs:1503

  [2m2026-01-30T21:37:36.573362Z[0m [34mDEBUG[0m [1;34mmdns_sd::service_daemon[0m[34m: [34mdel_interface: interface lo not found[0m
    [2;3mat[0m /home/scott/.cargo/registry/src/index.crates.io-1949cf8c6b5b557f/mdns-sd-0.15.1/src/service_daemon.rs:1503

  [2m2026-01-30T21:37:36.573379Z[0m [34mDEBUG[0m [1;34mmdns_sd::service_daemon[0m[34m: [34mdel_interface: interface lo not found[0m
    [2;3mat[0m /home/scott/.cargo/registry/src/index.crates.io-1949cf8c6b5b557f/mdns-sd-0.15.1/src/service_daemon.rs:1503

  [2m2026-01-30T21:37:41.598590Z[0m [34mDEBUG[0m [1;34mmdns_sd::service_daemon[0m[34m: [34mdel_interface: interface lo not found[0m
    [2;3mat[0m /home/scott/.cargo/registry/src/index.crates.io-1949cf8c6b5b557f/mdns-sd-0.15.1/src/service_daemon.rs:1503

  [2m2026-01-30T21:37:41.598616Z[0m [34mDEBUG[0m [1;34mmdns_sd::service_daemon[0m[34m: [34mdel_interface: interface lo not found[0m
    [2;3mat[0m /home/scott/.cargo/registry/src/index.crates.io-1949cf8c6b5b557f/mdns-sd-0.15.1/src/service_daemon.rs:1503

  [2m2026-01-30T21:37:46.601251Z[0m [34mDEBUG[0m [1;34mmdns_sd::service_daemon[0m[34m: [34mdel_interface: interface lo not found[0m
    [2;3mat[0m /home/scott/.cargo/registry/src/index.crates.io-1949cf8c6b5b557f/mdns-sd-0.15.1/src/service_daemon.rs:1503

  [2m2026-01-30T21:37:46.601313Z[0m [34mDEBUG[0m [1;34mmdns_sd::service_daemon[0m[34m: [34mdel_interface: interface lo not found[0m
    [2;3mat[0m /home/scott/.cargo/registry/src/index.crates.io-1949cf8c6b5b557f/mdns-sd-0.15.1/src/service_daemon.rs:1503

  [2m2026-01-30T21:37:49.998900Z[0m [34mDEBUG[0m [1;34mninep_server::auto_mount[0m[34m: [34mStarting server discovery and auto-mount cycle[0m
    [2;3mat[0m src/auto_mount.rs:324

  [2m2026-01-30T21:37:49.998981Z[0m [34mDEBUG[0m [1;34mninep_server::auto_mount[0m[34m: [34mMounting server 127.0.0.1:5640 at "/home/scott/n/127_0_0_1_port_5640"[0m
    [2;3mat[0m src/auto_mount.rs:413

  [2m2026-01-30T21:37:49.999013Z[0m [34mDEBUG[0m [1;34mninep_server::auto_mount[0m[34m: [34mEstablishing Tcp connection to 127.0.0.1:5640[0m
    [2;3mat[0m src/auto_mount.rs:457

  [2m2026-01-30T21:37:49.999024Z[0m [32m INFO[0m [1;32mninep_server::transport::tcp[0m[32m: [32mInitializing legacy TCP transport[0m
    [2;3mat[0m src/transport/tcp.rs:22

  [2m2026-01-30T21:37:49.999036Z[0m [34mDEBUG[0m [1;34mninep_server::transport::tcp[0m[34m: [34mConnecting to 127.0.0.1:5640 via TCP[0m
    [2;3mat[0m src/transport/tcp.rs:36

  [2m2026-01-30T21:37:49.999324Z[0m [31mERROR[0m [1;31mninep_server::auto_mount[0m[31m: [31mConnection test failed: Connection refused (os error 111)[0m
    [2;3mat[0m src/auto_mount.rs:475

  [2m2026-01-30T21:37:49.999387Z[0m [33m WARN[0m [1;33mninep_server::auto_mount[0m[33m: [33mFailed to mount server 127.0.0.1:5640: Connection test failed: Connection refused (os error 111)[0m
    [2;3mat[0m src/auto_mount.rs:361

  [2m2026-01-30T21:37:49.999425Z[0m [34mDEBUG[0m [1;34mninep_server::auto_mount[0m[34m: [34mMounting server 127.0.0.1:5641 at "/home/scott/n/127_0_0_1_port_5641"[0m
    [2;3mat[0m src/auto_mount.rs:413

  [2m2026-01-30T21:37:49.999463Z[0m [34mDEBUG[0m [1;34mninep_server::auto_mount[0m[34m: [34mEstablishing Tcp connection to 127.0.0.1:5641[0m
    [2;3mat[0m src/auto_mount.rs:457

  [2m2026-01-30T21:37:49.999475Z[0m [32m INFO[0m [1;32mninep_server::transport::tcp[0m[32m: [32mInitializing legacy TCP transport[0m
    [2;3mat[0m src/transport/tcp.rs:22

  [2m2026-01-30T21:37:49.999488Z[0m [34mDEBUG[0m [1;34mninep_server::transport::tcp[0m[34m: [34mConnecting to 127.0.0.1:5641 via TCP[0m
    [2;3mat[0m src/transport/tcp.rs:36

  [2m2026-01-30T21:37:49.999672Z[0m [31mERROR[0m [1;31mninep_server::auto_mount[0m[31m: [31mConnection test failed: Connection refused (os error 111)[0m
    [2;3mat[0m src/auto_mount.rs:475

  [2m2026-01-30T21:37:49.999696Z[0m [33m WARN[0m [1;33mninep_server::auto_mount[0m[33m: [33mFailed to mount server 127.0.0.1:5641: Connection test failed: Connection refused (os error 111)[0m
    [2;3mat[0m src/auto_mount.rs:361

  [2m2026-01-30T21:37:49.999718Z[0m [34mDEBUG[0m [1;34mninep_server::auto_mount[0m[34m: [34mMounting server 127.0.0.1:5642 at "/home/scott/n/127_0_0_1_port_5642"[0m
    [2;3mat[0m src/auto_mount.rs:413

  [2m2026-01-30T21:37:49.999739Z[0m [34mDEBUG[0m [1;34mninep_server::auto_mount[0m[34m: [34mEstablishing Tcp connection to 127.0.0.1:5642[0m
    [2;3mat[0m src/auto_mount.rs:457

  [2m2026-01-30T21:37:49.999749Z[0m [32m INFO[0m [1;32mninep_server::transport::tcp[0m[32m: [32mInitializing legacy TCP transport[0m
    [2;3mat[0m src/transport/tcp.rs:22

  [2m2026-01-30T21:37:49.999759Z[0m [34mDEBUG[0m [1;34mninep_server::transport::tcp[0m[34m: [34mConnecting to 127.0.0.1:5642 via TCP[0m
    [2;3mat[0m src/transport/tcp.rs:36

  [2m2026-01-30T21:37:49.999977Z[0m [31mERROR[0m [1;31mninep_server::auto_mount[0m[31m: [31mConnection test failed: Connection refused (os error 111)[0m
    [2;3mat[0m src/auto_mount.rs:475

  [2m2026-01-30T21:37:50.000037Z[0m [33m WARN[0m [1;33mninep_server::auto_mount[0m[33m: [33mFailed to mount server 127.0.0.1:5642: Connection test failed: Connection refused (os error 111)[0m
    [2;3mat[0m src/auto_mount.rs:361

  [2m2026-01-30T21:37:51.608171Z[0m [34mDEBUG[0m [1;34mmdns_sd::service_daemon[0m[34m: [34mdel_interface: interface lo not found[0m
    [2;3mat[0m /home/scott/.cargo/registry/src/index.crates.io-1949cf8c6b5b557f/mdns-sd-0.15.1/src/service_daemon.rs:1503

  [2m2026-01-30T21:37:51.608226Z[0m [34mDEBUG[0m [1;34mmdns_sd::service_daemon[0m[34m: [34mdel_interface: interface lo not found[0m
    [2;3mat[0m /home/scott/.cargo/registry/src/index.crates.io-1949cf8c6b5b557f/mdns-sd-0.15.1/src/service_daemon.rs:1503

  [2m2026-01-30T21:37:53.000519Z[0m [34mDEBUG[0m [1;34mninep_server::mesh[0m[34m: [34mDHT empty, waiting for bootstrap peers[0m
    [2;3mat[0m src/mesh.rs:397

  [2m2026-01-30T21:37:56.608163Z[0m [34mDEBUG[0m [1;34mmdns_sd::service_daemon[0m[34m: [34mdel_interface: interface lo not found[0m
    [2;3mat[0m /home/scott/.cargo/registry/src/index.crates.io-1949cf8c6b5b557f/mdns-sd-0.15.1/src/service_daemon.rs:1503

  [2m2026-01-30T21:37:56.608222Z[0m [34mDEBUG[0m [1;34mmdns_sd::service_daemon[0m[34m: [34mdel_interface: interface lo not found[0m
    [2;3mat[0m /home/scott/.cargo/registry/src/index.crates.io-1949cf8c6b5b557f/mdns-sd-0.15.1/src/service_daemon.rs:1503

  [2m2026-01-30T21:38:01.632213Z[0m [34mDEBUG[0m [1;34mmdns_sd::service_daemon[0m[34m: [34mdel_interface: interface lo not found[0m
    [2;3mat[0m /home/scott/.cargo/registry/src/index.crates.io-1949cf8c6b5b557f/mdns-sd-0.15.1/src/service_daemon.rs:1503

  [2m2026-01-30T21:38:01.632267Z[0m [34mDEBUG[0m [1;34mmdns_sd::service_daemon[0m[34m: [34mdel_interface: interface lo not found[0m
    [2;3mat[0m /home/scott/.cargo/registry/src/index.crates.io-1949cf8c6b5b557f/mdns-sd-0.15.1/src/service_daemon.rs:1503

  [2m2026-01-30T21:38:06.656154Z[0m [34mDEBUG[0m [1;34mmdns_sd::service_daemon[0m[34m: [34mdel_interface: interface lo not found[0m
    [2;3mat[0m /home/scott/.cargo/registry/src/index.crates.io-1949cf8c6b5b557f/mdns-sd-0.15.1/src/service_daemon.rs:1503

  [2m2026-01-30T21:38:06.656210Z[0m [34mDEBUG[0m [1;34mmdns_sd::service_daemon[0m[34m: [34mdel_interface: interface lo not found[0m
    [2;3mat[0m /home/scott/.cargo/registry/src/index.crates.io-1949cf8c6b5b557f/mdns-sd-0.15.1/src/service_daemon.rs:1503

  [2m2026-01-30T21:38:11.680163Z[0m [34mDEBUG[0m [1;34mmdns_sd::service_daemon[0m[34m: [34mdel_interface: interface lo not found[0m
    [2;3mat[0m /home/scott/.cargo/registry/src/index.crates.io-1949cf8c6b5b557f/mdns-sd-0.15.1/src/service_daemon.rs:1503

  [2m2026-01-30T21:38:11.680220Z[0m [34mDEBUG[0m [1;34mmdns_sd::service_daemon[0m[34m: [34mdel_interface: interface lo not found[0m
    [2;3mat[0m /home/scott/.cargo/registry/src/index.crates.io-1949cf8c6b5b557f/mdns-sd-0.15.1/src/service_daemon.rs:1503

  [2m2026-01-30T21:38:16.691668Z[0m [34mDEBUG[0m [1;34mmdns_sd::service_daemon[0m[34m: [34mdel_interface: interface lo not found[0m
    [2;3mat[0m /home/scott/.cargo/registry/src/index.crates.io-1949cf8c6b5b557f/mdns-sd-0.15.1/src/service_daemon.rs:1503

  [2m2026-01-30T21:38:16.691686Z[0m [34mDEBUG[0m [1;34mmdns_sd::service_daemon[0m[34m: [34mdel_interface: interface lo not found[0m
    [2;3mat[0m /home/scott/.cargo/registry/src/index.crates.io-1949cf8c6b5b557f/mdns-sd-0.15.1/src/service_daemon.rs:1503

  [2m2026-01-30T21:38:19.998855Z[0m [34mDEBUG[0m [1;34mninep_server::auto_mount[0m[34m: [34mStarting server discovery and auto-mount cycle[0m
    [2;3mat[0m src/auto_mount.rs:324

  [2m2026-01-30T21:38:19.998948Z[0m [34mDEBUG[0m [1;34mninep_server::auto_mount[0m[34m: [34mMounting server 127.0.0.1:5640 at "/home/scott/n/127_0_0_1_port_5640"[0m
    [2;3mat[0m src/auto_mount.rs:413

  [2m2026-01-30T21:38:19.998991Z[0m [34mDEBUG[0m [1;34mninep_server::auto_mount[0m[34m: [34mEstablishing Tcp connection to 127.0.0.1:5640[0m
    [2;3mat[0m src/auto_mount.rs:457

  [2m2026-01-30T21:38:19.999009Z[0m [32m INFO[0m [1;32mninep_server::transport::tcp[0m[32m: [32mInitializing legacy TCP transport[0m
    [2;3mat[0m src/transport/tcp.rs:22

  [2m2026-01-30T21:38:19.999026Z[0m [34mDEBUG[0m [1;34mninep_server::transport::tcp[0m[34m: [34mConnecting to 127.0.0.1:5640 via TCP[0m
    [2;3mat[0m src/transport/tcp.rs:36

  [2m2026-01-30T21:38:19.999251Z[0m [31mERROR[0m [1;31mninep_server::auto_mount[0m[31m: [31mConnection test failed: Connection refused (os error 111)[0m
    [2;3mat[0m src/auto_mount.rs:475

  [2m2026-01-30T21:38:19.999294Z[0m [33m WARN[0m [1;33mninep_server::auto_mount[0m[33m: [33mFailed to mount server 127.0.0.1:5640: Connection test failed: Connection refused (os error 111)[0m
    [2;3mat[0m src/auto_mount.rs:361

  [2m2026-01-30T21:38:19.999326Z[0m [34mDEBUG[0m [1;34mninep_server::auto_mount[0m[34m: [34mMounting server 127.0.0.1:5641 at "/home/scott/n/127_0_0_1_port_5641"[0m
    [2;3mat[0m src/auto_mount.rs:413

  [2m2026-01-30T21:38:19.999354Z[0m [34mDEBUG[0m [1;34mninep_server::auto_mount[0m[34m: [34mEstablishing Tcp connection to 127.0.0.1:5641[0m
    [2;3mat[0m src/auto_mount.rs:457

  [2m2026-01-30T21:38:19.999396Z[0m [32m INFO[0m [1;32mninep_server::transport::tcp[0m[32m: [32mInitializing legacy TCP transport[0m
    [2;3mat[0m src/transport/tcp.rs:22

  [2m2026-01-30T21:38:19.999410Z[0m [34mDEBUG[0m [1;34mninep_server::transport::tcp[0m[34m: [34mConnecting to 127.0.0.1:5641 via TCP[0m
    [2;3mat[0m src/transport/tcp.rs:36

  [2m2026-01-30T21:38:19.999524Z[0m [31mERROR[0m [1;31mninep_server::auto_mount[0m[31m: [31mConnection test failed: Connection refused (os error 111)[0m
    [2;3mat[0m src/auto_mount.rs:475

  [2m2026-01-30T21:38:19.999546Z[0m [33m WARN[0m [1;33mninep_server::auto_mount[0m[33m: [33mFailed to mount server 127.0.0.1:5641: Connection test failed: Connection refused (os error 111)[0m
    [2;3mat[0m src/auto_mount.rs:361

  [2m2026-01-30T21:38:19.999568Z[0m [34mDEBUG[0m [1;34mninep_server::auto_mount[0m[34m: [34mMounting server 127.0.0.1:5642 at "/home/scott/n/127_0_0_1_port_5642"[0m
    [2;3mat[0m src/auto_mount.rs:413

  [2m2026-01-30T21:38:19.999590Z[0m [34mDEBUG[0m [1;34mninep_server::auto_mount[0m[34m: [34mEstablishing Tcp connection to 127.0.0.1:5642[0m
    [2;3mat[0m src/auto_mount.rs:457

  [2m2026-01-30T21:38:19.999600Z[0m [32m INFO[0m [1;32mninep_server::transport::tcp[0m[32m: [32mInitializing legacy TCP transport[0m
    [2;3mat[0m src/transport/tcp.rs:22

  [2m2026-01-30T21:38:19.999611Z[0m [34mDEBUG[0m [1;34mninep_server::transport::tcp[0m[34m: [34mConnecting to 127.0.0.1:5642 via TCP[0m
    [2;3mat[0m src/transport/tcp.rs:36

  [2m2026-01-30T21:38:19.999694Z[0m [31mERROR[0m [1;31mninep_server::auto_mount[0m[31m: [31mConnection test failed: Connection refused (os error 111)[0m
    [2;3mat[0m src/auto_mount.rs:475

  [2m2026-01-30T21:38:19.999714Z[0m [33m WARN[0m [1;33mninep_server::auto_mount[0m[33m: [33mFailed to mount server 127.0.0.1:5642: Connection test failed: Connection refused (os error 111)[0m
    [2;3mat[0m src/auto_mount.rs:361

  [2m2026-01-30T21:38:21.693940Z[0m [34mDEBUG[0m [1;34mmdns_sd::service_daemon[0m[34m: [34mdel_interface: interface lo not found[0m
    [2;3mat[0m /home/scott/.cargo/registry/src/index.crates.io-1949cf8c6b5b557f/mdns-sd-0.15.1/src/service_daemon.rs:1503

  [2m2026-01-30T21:38:21.693961Z[0m [34mDEBUG[0m [1;34mmdns_sd::service_daemon[0m[34m: [34mdel_interface: interface lo not found[0m
    [2;3mat[0m /home/scott/.cargo/registry/src/index.crates.io-1949cf8c6b5b557f/mdns-sd-0.15.1/src/service_daemon.rs:1503

  [2m2026-01-30T21:38:23.001151Z[0m [34mDEBUG[0m [1;34mninep_server::mesh[0m[34m: [34mDHT empty, waiting for bootstrap peers[0m
    [2;3mat[0m src/mesh.rs:397

  [2m2026-01-30T21:38:26.710953Z[0m [34mDEBUG[0m [1;34mmdns_sd::service_daemon[0m[34m: [34mdel_interface: interface lo not found[0m
    [2;3mat[0m /home/scott/.cargo/registry/src/index.crates.io-1949cf8c6b5b557f/mdns-sd-0.15.1/src/service_daemon.rs:1503

  [2m2026-01-30T21:38:26.711011Z[0m [34mDEBUG[0m [1;34mmdns_sd::service_daemon[0m[34m: [34mdel_interface: interface lo not found[0m
    [2;3mat[0m /home/scott/.cargo/registry/src/index.crates.io-1949cf8c6b5b557f/mdns-sd-0.15.1/src/service_daemon.rs:1503

  [2m2026-01-30T21:38:31.735468Z[0m [34mDEBUG[0m [1;34mmdns_sd::service_daemon[0m[34m: [34mdel_interface: interface lo not found[0m
    [2;3mat[0m /home/scott/.cargo/registry/src/index.crates.io-1949cf8c6b5b557f/mdns-sd-0.15.1/src/service_daemon.rs:1503

  [2m2026-01-30T21:38:31.735532Z[0m [34mDEBUG[0m [1;34mmdns_sd::service_daemon[0m[34m: [34mdel_interface: interface lo not found[0m
    [2;3mat[0m /home/scott/.cargo/registry/src/index.crates.io-1949cf8c6b5b557f/mdns-sd-0.15.1/src/service_daemon.rs:1503

  [2m2026-01-30T21:38:36.737982Z[0m [34mDEBUG[0m [1;34mmdns_sd::service_daemon[0m[34m: [34mdel_interface: interface lo not found[0m
    [2;3mat[0m /home/scott/.cargo/registry/src/index.crates.io-1949cf8c6b5b557f/mdns-sd-0.15.1/src/service_daemon.rs:1503

  [2m2026-01-30T21:38:36.737997Z[0m [34mDEBUG[0m [1;34mmdns_sd::service_daemon[0m[34m: [34mdel_interface: interface lo not found[0m
    [2;3mat[0m /home/scott/.cargo/registry/src/index.crates.io-1949cf8c6b5b557f/mdns-sd-0.15.1/src/service_daemon.rs:1503

  [2m2026-01-30T21:38:41.762151Z[0m [34mDEBUG[0m [1;34mmdns_sd::service_daemon[0m[34m: [34mdel_interface: interface lo not found[0m
    [2;3mat[0m /home/scott/.cargo/registry/src/index.crates.io-1949cf8c6b5b557f/mdns-sd-0.15.1/src/service_daemon.rs:1503

  [2m2026-01-30T21:38:41.762206Z[0m [34mDEBUG[0m [1;34mmdns_sd::service_daemon[0m[34m: [34mdel_interface: interface lo not found[0m
    [2;3mat[0m /home/scott/.cargo/registry/src/index.crates.io-1949cf8c6b5b557f/mdns-sd-0.15.1/src/service_daemon.rs:1503

  [2m2026-01-30T21:38:46.786143Z[0m [34mDEBUG[0m [1;34mmdns_sd::service_daemon[0m[34m: [34mdel_interface: interface lo not found[0m
    [2;3mat[0m /home/scott/.cargo/registry/src/index.crates.io-1949cf8c6b5b557f/mdns-sd-0.15.1/src/service_daemon.rs:1503

  [2m2026-01-30T21:38:46.786200Z[0m [34mDEBUG[0m [1;34mmdns_sd::service_daemon[0m[34m: [34mdel_interface: interface lo not found[0m
    [2;3mat[0m /home/scott/.cargo/registry/src/index.crates.io-1949cf8c6b5b557f/mdns-sd-0.15.1/src/service_daemon.rs:1503

  [2m2026-01-30T21:38:49.998237Z[0m [34mDEBUG[0m [1;34mninep_server::auto_mount[0m[34m: [34mStarting server discovery and auto-mount cycle[0m
    [2;3mat[0m src/auto_mount.rs:324

  [2m2026-01-30T21:38:49.998276Z[0m [34mDEBUG[0m [1;34mninep_server::auto_mount[0m[34m: [34mMounting server 127.0.0.1:5640 at "/home/scott/n/127_0_0_1_port_5640"[0m
    [2;3mat[0m src/auto_mount.rs:413

  [2m2026-01-30T21:38:49.998290Z[0m [34mDEBUG[0m [1;34mninep_server::auto_mount[0m[34m: [34mEstablishing Tcp connection to 127.0.0.1:5640[0m
    [2;3mat[0m src/auto_mount.rs:457

  [2m2026-01-30T21:38:49.998295Z[0m [32m INFO[0m [1;32mninep_server::transport::tcp[0m[32m: [32mInitializing legacy TCP transport[0m
    [2;3mat[0m src/transport/tcp.rs:22

  [2m2026-01-30T21:38:49.998299Z[0m [34mDEBUG[0m [1;34mninep_server::transport::tcp[0m[34m: [34mConnecting to 127.0.0.1:5640 via TCP[0m
    [2;3mat[0m src/transport/tcp.rs:36

  [2m2026-01-30T21:38:49.998406Z[0m [31mERROR[0m [1;31mninep_server::auto_mount[0m[31m: [31mConnection test failed: Connection refused (os error 111)[0m
    [2;3mat[0m src/auto_mount.rs:475

  [2m2026-01-30T21:38:49.998421Z[0m [33m WARN[0m [1;33mninep_server::auto_mount[0m[33m: [33mFailed to mount server 127.0.0.1:5640: Connection test failed: Connection refused (os error 111)[0m
    [2;3mat[0m src/auto_mount.rs:361

  [2m2026-01-30T21:38:49.998430Z[0m [34mDEBUG[0m [1;34mninep_server::auto_mount[0m[34m: [34mMounting server 127.0.0.1:5641 at "/home/scott/n/127_0_0_1_port_5641"[0m
    [2;3mat[0m src/auto_mount.rs:413

  [2m2026-01-30T21:38:49.998437Z[0m [34mDEBUG[0m [1;34mninep_server::auto_mount[0m[34m: [34mEstablishing Tcp connection to 127.0.0.1:5641[0m
    [2;3mat[0m src/auto_mount.rs:457

  [2m2026-01-30T21:38:49.998441Z[0m [32m INFO[0m [1;32mninep_server::transport::tcp[0m[32m: [32mInitializing legacy TCP transport[0m
    [2;3mat[0m src/transport/tcp.rs:22

  [2m2026-01-30T21:38:49.998444Z[0m [34mDEBUG[0m [1;34mninep_server::transport::tcp[0m[34m: [34mConnecting to 127.0.0.1:5641 via TCP[0m
    [2;3mat[0m src/transport/tcp.rs:36

  [2m2026-01-30T21:38:49.998478Z[0m [31mERROR[0m [1;31mninep_server::auto_mount[0m[31m: [31mConnection test failed: Connection refused (os error 111)[0m
    [2;3mat[0m src/auto_mount.rs:475

  [2m2026-01-30T21:38:49.998485Z[0m [33m WARN[0m [1;33mninep_server::auto_mount[0m[33m: [33mFailed to mount server 127.0.0.1:5641: Connection test failed: Connection refused (os error 111)[0m
    [2;3mat[0m src/auto_mount.rs:361

  [2m2026-01-30T21:38:49.998490Z[0m [34mDEBUG[0m [1;34mninep_server::auto_mount[0m[34m: [34mMounting server 127.0.0.1:5642 at "/home/scott/n/127_0_0_1_port_5642"[0m
    [2;3mat[0m src/auto_mount.rs:413

  [2m2026-01-30T21:38:49.998504Z[0m [34mDEBUG[0m [1;34mninep_server::auto_mount[0m[34m: [34mEstablishing Tcp connection to 127.0.0.1:5642[0m
    [2;3mat[0m src/auto_mount.rs:457

  [2m2026-01-30T21:38:49.998507Z[0m [32m INFO[0m [1;32mninep_server::transport::tcp[0m[32m: [32mInitializing legacy TCP transport[0m
    [2;3mat[0m src/transport/tcp.rs:22

  [2m2026-01-30T21:38:49.998509Z[0m [34mDEBUG[0m [1;34mninep_server::transport::tcp[0m[34m: [34mConnecting to 127.0.0.1:5642 via TCP[0m
    [2;3mat[0m src/transport/tcp.rs:36

  [2m2026-01-30T21:38:49.998529Z[0m [31mERROR[0m [1;31mninep_server::auto_mount[0m[31m: [31mConnection test failed: Connection refused (os error 111)[0m
    [2;3mat[0m src/auto_mount.rs:475

  [2m2026-01-30T21:38:49.998534Z[0m [33m WARN[0m [1;33mninep_server::auto_mount[0m[33m: [33mFailed to mount server 127.0.0.1:5642: Connection test failed: Connection refused (os error 111)[0m
    [2;3mat[0m src/auto_mount.rs:361

  [2m2026-01-30T21:38:51.786388Z[0m [34mDEBUG[0m [1;34mmdns_sd::service_daemon[0m[34m: [34mdel_interface: interface lo not found[0m
    [2;3mat[0m /home/scott/.cargo/registry/src/index.crates.io-1949cf8c6b5b557f/mdns-sd-0.15.1/src/service_daemon.rs:1503

  [2m2026-01-30T21:38:51.786405Z[0m [34mDEBUG[0m [1;34mmdns_sd::service_daemon[0m[34m: [34mdel_interface: interface lo not found[0m
    [2;3mat[0m /home/scott/.cargo/registry/src/index.crates.io-1949cf8c6b5b557f/mdns-sd-0.15.1/src/service_daemon.rs:1503

  [2m2026-01-30T21:38:53.000566Z[0m [34mDEBUG[0m [1;34mninep_server::mesh[0m[34m: [34mDHT empty, waiting for bootstrap peers[0m
    [2;3mat[0m src/mesh.rs:397

  [2m2026-01-30T21:38:56.795995Z[0m [34mDEBUG[0m [1;34mmdns_sd::service_daemon[0m[34m: [34mdel_interface: interface lo not found[0m
    [2;3mat[0m /home/scott/.cargo/registry/src/index.crates.io-1949cf8c6b5b557f/mdns-sd-0.15.1/src/service_daemon.rs:1503

  [2m2026-01-30T21:38:56.796054Z[0m [34mDEBUG[0m [1;34mmdns_sd::service_daemon[0m[34m: [34mdel_interface: interface lo not found[0m
    [2;3mat[0m /home/scott/.cargo/registry/src/index.crates.io-1949cf8c6b5b557f/mdns-sd-0.15.1/src/service_daemon.rs:1503

  [2m2026-01-30T21:39:01.798978Z[0m [34mDEBUG[0m [1;34mmdns_sd::service_daemon[0m[34m: [34mdel_interface: interface lo not found[0m
    [2;3mat[0m /home/scott/.cargo/registry/src/index.crates.io-1949cf8c6b5b557f/mdns-sd-0.15.1/src/service_daemon.rs:1503

  [2m2026-01-30T21:39:01.798994Z[0m [34mDEBUG[0m [1;34mmdns_sd::service_daemon[0m[34m: [34mdel_interface: interface lo not found[0m
    [2;3mat[0m /home/scott/.cargo/registry/src/index.crates.io-1949cf8c6b5b557f/mdns-sd-0.15.1/src/service_daemon.rs:1503

  [2m2026-01-30T21:39:06.824145Z[0m [34mDEBUG[0m [1;34mmdns_sd::service_daemon[0m[34m: [34mdel_interface: interface lo not found[0m
    [2;3mat[0m /home/scott/.cargo/registry/src/index.crates.io-1949cf8c6b5b557f/mdns-sd-0.15.1/src/service_daemon.rs:1503

  [2m2026-01-30T21:39:06.824203Z[0m [34mDEBUG[0m [1;34mmdns_sd::service_daemon[0m[34m: [34mdel_interface: interface lo not found[0m
    [2;3mat[0m /home/scott/.cargo/registry/src/index.crates.io-1949cf8c6b5b557f/mdns-sd-0.15.1/src/service_daemon.rs:1503

  [2m2026-01-30T21:39:11.848154Z[0m [34mDEBUG[0m [1;34mmdns_sd::service_daemon[0m[34m: [34mdel_interface: interface lo not found[0m
    [2;3mat[0m /home/scott/.cargo/registry/src/index.crates.io-1949cf8c6b5b557f/mdns-sd-0.15.1/src/service_daemon.rs:1503

  [2m2026-01-30T21:39:11.848207Z[0m [34mDEBUG[0m [1;34mmdns_sd::service_daemon[0m[34m: [34mdel_interface: interface lo not found[0m
    [2;3mat[0m /home/scott/.cargo/registry/src/index.crates.io-1949cf8c6b5b557f/mdns-sd-0.15.1/src/service_daemon.rs:1503

  [2m2026-01-30T21:39:16.872673Z[0m [34mDEBUG[0m [1;34mmdns_sd::service_daemon[0m[34m: [34mdel_interface: interface lo not found[0m
    [2;3mat[0m /home/scott/.cargo/registry/src/index.crates.io-1949cf8c6b5b557f/mdns-sd-0.15.1/src/service_daemon.rs:1503

  [2m2026-01-30T21:39:16.872755Z[0m [34mDEBUG[0m [1;34mmdns_sd::service_daemon[0m[34m: [34mdel_interface: interface lo not found[0m
    [2;3mat[0m /home/scott/.cargo/registry/src/index.crates.io-1949cf8c6b5b557f/mdns-sd-0.15.1/src/service_daemon.rs:1503

  [2m2026-01-30T21:39:19.998952Z[0m [34mDEBUG[0m [1;34mninep_server::auto_mount[0m[34m: [34mStarting server discovery and auto-mount cycle[0m
    [2;3mat[0m src/auto_mount.rs:324

  [2m2026-01-30T21:39:19.999055Z[0m [34mDEBUG[0m [1;34mninep_server::auto_mount[0m[34m: [34mMounting server 127.0.0.1:5640 at "/home/scott/n/127_0_0_1_port_5640"[0m
    [2;3mat[0m src/auto_mount.rs:413

  [2m2026-01-30T21:39:19.999095Z[0m [34mDEBUG[0m [1;34mninep_server::auto_mount[0m[34m: [34mEstablishing Tcp connection to 127.0.0.1:5640[0m
    [2;3mat[0m src/auto_mount.rs:457

  [2m2026-01-30T21:39:19.999109Z[0m [32m INFO[0m [1;32mninep_server::transport::tcp[0m[32m: [32mInitializing legacy TCP transport[0m
    [2;3mat[0m src/transport/tcp.rs:22

  [2m2026-01-30T21:39:19.999122Z[0m [34mDEBUG[0m [1;34mninep_server::transport::tcp[0m[34m: [34mConnecting to 127.0.0.1:5640 via TCP[0m
    [2;3mat[0m src/transport/tcp.rs:36

  [2m2026-01-30T21:39:19.999334Z[0m [31mERROR[0m [1;31mninep_server::auto_mount[0m[31m: [31mConnection test failed: Connection refused (os error 111)[0m
    [2;3mat[0m src/auto_mount.rs:475

  [2m2026-01-30T21:39:19.999369Z[0m [33m WARN[0m [1;33mninep_server::auto_mount[0m[33m: [33mFailed to mount server 127.0.0.1:5640: Connection test failed: Connection refused (os error 111)[0m
    [2;3mat[0m src/auto_mount.rs:361

  [2m2026-01-30T21:39:19.999396Z[0m [34mDEBUG[0m [1;34mninep_server::auto_mount[0m[34m: [34mMounting server 127.0.0.1:5641 at "/home/scott/n/127_0_0_1_port_5641"[0m
    [2;3mat[0m src/auto_mount.rs:413

  [2m2026-01-30T21:39:19.999421Z[0m [34mDEBUG[0m [1;34mninep_server::auto_mount[0m[34m: [34mEstablishing Tcp connection to 127.0.0.1:5641[0m
    [2;3mat[0m src/auto_mount.rs:457

  [2m2026-01-30T21:39:19.999431Z[0m [32m INFO[0m [1;32mninep_server::transport::tcp[0m[32m: [32mInitializing legacy TCP transport[0m
    [2;3mat[0m src/transport/tcp.rs:22

  [2m2026-01-30T21:39:19.999442Z[0m [34mDEBUG[0m [1;34mninep_server::transport::tcp[0m[34m: [34mConnecting to 127.0.0.1:5641 via TCP[0m
    [2;3mat[0m src/transport/tcp.rs:36

  [2m2026-01-30T21:39:19.999542Z[0m [31mERROR[0m [1;31mninep_server::auto_mount[0m[31m: [31mConnection test failed: Connection refused (os error 111)[0m
    [2;3mat[0m src/auto_mount.rs:475

  [2m2026-01-30T21:39:19.999563Z[0m [33m WARN[0m [1;33mninep_server::auto_mount[0m[33m: [33mFailed to mount server 127.0.0.1:5641: Connection test failed: Connection refused (os error 111)[0m
    [2;3mat[0m src/auto_mount.rs:361

  [2m2026-01-30T21:39:19.999583Z[0m [34mDEBUG[0m [1;34mninep_server::auto_mount[0m[34m: [34mMounting server 127.0.0.1:5642 at "/home/scott/n/127_0_0_1_port_5642"[0m
    [2;3mat[0m src/auto_mount.rs:413

  [2m2026-01-30T21:39:19.999603Z[0m [34mDEBUG[0m [1;34mninep_server::auto_mount[0m[34m: [34mEstablishing Tcp connection to 127.0.0.1:5642[0m
    [2;3mat[0m src/auto_mount.rs:457

  [2m2026-01-30T21:39:19.999613Z[0m [32m INFO[0m [1;32mninep_server::transport::tcp[0m[32m: [32mInitializing legacy TCP transport[0m
    [2;3mat[0m src/transport/tcp.rs:22

  [2m2026-01-30T21:39:19.999623Z[0m [34mDEBUG[0m [1;34mninep_server::transport::tcp[0m[34m: [34mConnecting to 127.0.0.1:5642 via TCP[0m
    [2;3mat[0m src/transport/tcp.rs:36

  [2m2026-01-30T21:39:19.999702Z[0m [31mERROR[0m [1;31mninep_server::auto_mount[0m[31m: [31mConnection test failed: Connection refused (os error 111)[0m
    [2;3mat[0m src/auto_mount.rs:475

  [2m2026-01-30T21:39:19.999722Z[0m [33m WARN[0m [1;33mninep_server::auto_mount[0m[33m: [33mFailed to mount server 127.0.0.1:5642: Connection test failed: Connection refused (os error 111)[0m
    [2;3mat[0m src/auto_mount.rs:361

  [2m2026-01-30T21:39:21.896933Z[0m [34mDEBUG[0m [1;34mmdns_sd::service_daemon[0m[34m: [34mdel_interface: interface lo not found[0m
    [2;3mat[0m /home/scott/.cargo/registry/src/index.crates.io-1949cf8c6b5b557f/mdns-sd-0.15.1/src/service_daemon.rs:1503

  [2m2026-01-30T21:39:21.896955Z[0m [34mDEBUG[0m [1;34mmdns_sd::service_daemon[0m[34m: [34mdel_interface: interface lo not found[0m
    [2;3mat[0m /home/scott/.cargo/registry/src/index.crates.io-1949cf8c6b5b557f/mdns-sd-0.15.1/src/service_daemon.rs:1503

  [2m2026-01-30T21:39:23.000926Z[0m [34mDEBUG[0m [1;34mninep_server::mesh[0m[34m: [34mDHT empty, waiting for bootstrap peers[0m
    [2;3mat[0m src/mesh.rs:397

  [2m2026-01-30T21:39:26.897044Z[0m [34mDEBUG[0m [1;34mmdns_sd::service_daemon[0m[34m: [34mdel_interface: interface lo not found[0m
    [2;3mat[0m /home/scott/.cargo/registry/src/index.crates.io-1949cf8c6b5b557f/mdns-sd-0.15.1/src/service_daemon.rs:1503

  [2m2026-01-30T21:39:26.897061Z[0m [34mDEBUG[0m [1;34mmdns_sd::service_daemon[0m[34m: [34mdel_interface: interface lo not found[0m
    [2;3mat[0m /home/scott/.cargo/registry/src/index.crates.io-1949cf8c6b5b557f/mdns-sd-0.15.1/src/service_daemon.rs:1503

  [2m2026-01-30T21:39:31.897591Z[0m [34mDEBUG[0m [1;34mmdns_sd::service_daemon[0m[34m: [34mdel_interface: interface lo not found[0m
    [2;3mat[0m /home/scott/.cargo/registry/src/index.crates.io-1949cf8c6b5b557f/mdns-sd-0.15.1/src/service_daemon.rs:1503

  [2m2026-01-30T21:39:31.897644Z[0m [34mDEBUG[0m [1;34mmdns_sd::service_daemon[0m[34m: [34mdel_interface: interface lo not found[0m
    [2;3mat[0m /home/scott/.cargo/registry/src/index.crates.io-1949cf8c6b5b557f/mdns-sd-0.15.1/src/service_daemon.rs:1503

  [2m2026-01-30T21:39:36.901837Z[0m [34mDEBUG[0m [1;34mmdns_sd::service_daemon[0m[34m: [34mdel_interface: interface lo not found[0m
    [2;3mat[0m /home/scott/.cargo/registry/src/index.crates.io-1949cf8c6b5b557f/mdns-sd-0.15.1/src/service_daemon.rs:1503

  [2m2026-01-30T21:39:36.901855Z[0m [34mDEBUG[0m [1;34mmdns_sd::service_daemon[0m[34m: [34mdel_interface: interface lo not found[0m
    [2;3mat[0m /home/scott/.cargo/registry/src/index.crates.io-1949cf8c6b5b557f/mdns-sd-0.15.1/src/service_daemon.rs:1503

  [2m2026-01-30T21:39:41.923929Z[0m [34mDEBUG[0m [1;34mmdns_sd::service_daemon[0m[34m: [34mdel_interface: interface lo not found[0m
    [2;3mat[0m /home/scott/.cargo/registry/src/index.crates.io-1949cf8c6b5b557f/mdns-sd-0.15.1/src/service_daemon.rs:1503

  [2m2026-01-30T21:39:41.924009Z[0m [34mDEBUG[0m [1;34mmdns_sd::service_daemon[0m[34m: [34mdel_interface: interface lo not found[0m
    [2;3mat[0m /home/scott/.cargo/registry/src/index.crates.io-1949cf8c6b5b557f/mdns-sd-0.15.1/src/service_daemon.rs:1503

  [2m2026-01-30T21:39:46.945627Z[0m [34mDEBUG[0m [1;34mmdns_sd::service_daemon[0m[34m: [34mdel_interface: interface lo not found[0m
    [2;3mat[0m /home/scott/.cargo/registry/src/index.crates.io-1949cf8c6b5b557f/mdns-sd-0.15.1/src/service_daemon.rs:1503

  [2m2026-01-30T21:39:46.945708Z[0m [34mDEBUG[0m [1;34mmdns_sd::service_daemon[0m[34m: [34mdel_interface: interface lo not found[0m
    [2;3mat[0m /home/scott/.cargo/registry/src/index.crates.io-1949cf8c6b5b557f/mdns-sd-0.15.1/src/service_daemon.rs:1503

  [2m2026-01-30T21:39:50.004803Z[0m [34mDEBUG[0m [1;34mninep_server::auto_mount[0m[34m: [34mStarting server discovery and auto-mount cycle[0m
    [2;3mat[0m src/auto_mount.rs:324

  [2m2026-01-30T21:39:50.004836Z[0m [34mDEBUG[0m [1;34mninep_server::auto_mount[0m[34m: [34mMounting server 127.0.0.1:5640 at "/home/scott/n/127_0_0_1_port_5640"[0m
    [2;3mat[0m src/auto_mount.rs:413

  [2m2026-01-30T21:39:50.004846Z[0m [34mDEBUG[0m [1;34mninep_server::auto_mount[0m[34m: [34mEstablishing Tcp connection to 127.0.0.1:5640[0m
    [2;3mat[0m src/auto_mount.rs:457

  [2m2026-01-30T21:39:50.004850Z[0m [32m INFO[0m [1;32mninep_server::transport::tcp[0m[32m: [32mInitializing legacy TCP transport[0m
    [2;3mat[0m src/transport/tcp.rs:22

  [2m2026-01-30T21:39:50.004865Z[0m [34mDEBUG[0m [1;34mninep_server::transport::tcp[0m[34m: [34mConnecting to 127.0.0.1:5640 via TCP[0m
    [2;3mat[0m src/transport/tcp.rs:36

  [2m2026-01-30T21:39:50.004936Z[0m [31mERROR[0m [1;31mninep_server::auto_mount[0m[31m: [31mConnection test failed: Connection refused (os error 111)[0m
    [2;3mat[0m src/auto_mount.rs:475

  [2m2026-01-30T21:39:50.004945Z[0m [33m WARN[0m [1;33mninep_server::auto_mount[0m[33m: [33mFailed to mount server 127.0.0.1:5640: Connection test failed: Connection refused (os error 111)[0m
    [2;3mat[0m src/auto_mount.rs:361

  [2m2026-01-30T21:39:50.004952Z[0m [34mDEBUG[0m [1;34mninep_server::auto_mount[0m[34m: [34mMounting server 127.0.0.1:5641 at "/home/scott/n/127_0_0_1_port_5641"[0m
    [2;3mat[0m src/auto_mount.rs:413

  [2m2026-01-30T21:39:50.004958Z[0m [34mDEBUG[0m [1;34mninep_server::auto_mount[0m[34m: [34mEstablishing Tcp connection to 127.0.0.1:5641[0m
    [2;3mat[0m src/auto_mount.rs:457

  [2m2026-01-30T21:39:50.004960Z[0m [32m INFO[0m [1;32mninep_server::transport::tcp[0m[32m: [32mInitializing legacy TCP transport[0m
    [2;3mat[0m src/transport/tcp.rs:22

  [2m2026-01-30T21:39:50.004963Z[0m [34mDEBUG[0m [1;34mninep_server::transport::tcp[0m[34m: [34mConnecting to 127.0.0.1:5641 via TCP[0m
    [2;3mat[0m src/transport/tcp.rs:36

  [2m2026-01-30T21:39:50.004986Z[0m [31mERROR[0m [1;31mninep_server::auto_mount[0m[31m: [31mConnection test failed: Connection refused (os error 111)[0m
    [2;3mat[0m src/auto_mount.rs:475

  [2m2026-01-30T21:39:50.004991Z[0m [33m WARN[0m [1;33mninep_server::auto_mount[0m[33m: [33mFailed to mount server 127.0.0.1:5641: Connection test failed: Connection refused (os error 111)[0m
    [2;3mat[0m src/auto_mount.rs:361

  [2m2026-01-30T21:39:50.004996Z[0m [34mDEBUG[0m [1;34mninep_server::auto_mount[0m[34m: [34mMounting server 127.0.0.1:5642 at "/home/scott/n/127_0_0_1_port_5642"[0m
    [2;3mat[0m src/auto_mount.rs:413

  [2m2026-01-30T21:39:50.005001Z[0m [34mDEBUG[0m [1;34mninep_server::auto_mount[0m[34m: [34mEstablishing Tcp connection to 127.0.0.1:5642[0m
    [2;3mat[0m src/auto_mount.rs:457

  [2m2026-01-30T21:39:50.005003Z[0m [32m INFO[0m [1;32mninep_server::transport::tcp[0m[32m: [32mInitializing legacy TCP transport[0m
    [2;3mat[0m src/transport/tcp.rs:22

  [2m2026-01-30T21:39:50.005006Z[0m [34mDEBUG[0m [1;34mninep_server::transport::tcp[0m[34m: [34mConnecting to 127.0.0.1:5642 via TCP[0m
    [2;3mat[0m src/transport/tcp.rs:36

  [2m2026-01-30T21:39:50.005024Z[0m [31mERROR[0m [1;31mninep_server::auto_mount[0m[31m: [31mConnection test failed: Connection refused (os error 111)[0m
    [2;3mat[0m src/auto_mount.rs:475

  [2m2026-01-30T21:39:50.005029Z[0m [33m WARN[0m [1;33mninep_server::auto_mount[0m[33m: [33mFailed to mount server 127.0.0.1:5642: Connection test failed: Connection refused (os error 111)[0m
    [2;3mat[0m src/auto_mount.rs:361

  [2m2026-01-30T21:39:51.970329Z[0m [34mDEBUG[0m [1;34mmdns_sd::service_daemon[0m[34m: [34mdel_interface: interface lo not found[0m
    [2;3mat[0m /home/scott/.cargo/registry/src/index.crates.io-1949cf8c6b5b557f/mdns-sd-0.15.1/src/service_daemon.rs:1503

  [2m2026-01-30T21:39:51.970401Z[0m [34mDEBUG[0m [1;34mmdns_sd::service_daemon[0m[34m: [34mdel_interface: interface lo not found[0m
    [2;3mat[0m /home/scott/.cargo/registry/src/index.crates.io-1949cf8c6b5b557f/mdns-sd-0.15.1/src/service_daemon.rs:1503

  [2m2026-01-30T21:39:53.001446Z[0m [34mDEBUG[0m [1;34mninep_server::mesh[0m[34m: [34mDHT empty, waiting for bootstrap peers[0m
    [2;3mat[0m src/mesh.rs:397

  [2m2026-01-30T21:39:56.994359Z[0m [34mDEBUG[0m [1;34mmdns_sd::service_daemon[0m[34m: [34mdel_interface: interface lo not found[0m
    [2;3mat[0m /home/scott/.cargo/registry/src/index.crates.io-1949cf8c6b5b557f/mdns-sd-0.15.1/src/service_daemon.rs:1503

  [2m2026-01-30T21:39:56.994462Z[0m [34mDEBUG[0m [1;34mmdns_sd::service_daemon[0m[34m: [34mdel_interface: interface lo not found[0m
    [2;3mat[0m /home/scott/.cargo/registry/src/index.crates.io-1949cf8c6b5b557f/mdns-sd-0.15.1/src/service_daemon.rs:1503

  [2m2026-01-30T21:40:02.018718Z[0m [34mDEBUG[0m [1;34mmdns_sd::service_daemon[0m[34m: [34mdel_interface: interface lo not found[0m
    [2;3mat[0m /home/scott/.cargo/registry/src/index.crates.io-1949cf8c6b5b557f/mdns-sd-0.15.1/src/service_daemon.rs:1503

  [2m2026-01-30T21:40:02.018741Z[0m [34mDEBUG[0m [1;34mmdns_sd::service_daemon[0m[34m: [34mdel_interface: interface lo not found[0m
    [2;3mat[0m /home/scott/.cargo/registry/src/index.crates.io-1949cf8c6b5b557f/mdns-sd-0.15.1/src/service_daemon.rs:1503

  [2m2026-01-30T21:40:07.039158Z[0m [34mDEBUG[0m [1;34mmdns_sd::service_daemon[0m[34m: [34mdel_interface: interface lo not found[0m
    [2;3mat[0m /home/scott/.cargo/registry/src/index.crates.io-1949cf8c6b5b557f/mdns-sd-0.15.1/src/service_daemon.rs:1503

  [2m2026-01-30T21:40:07.039218Z[0m [34mDEBUG[0m [1;34mmdns_sd::service_daemon[0m[34m: [34mdel_interface: interface lo not found[0m
    [2;3mat[0m /home/scott/.cargo/registry/src/index.crates.io-1949cf8c6b5b557f/mdns-sd-0.15.1/src/service_daemon.rs:1503

  [2m2026-01-30T21:40:12.063160Z[0m [34mDEBUG[0m [1;34mmdns_sd::service_daemon[0m[34m: [34mdel_interface: interface lo not found[0m
    [2;3mat[0m /home/scott/.cargo/registry/src/index.crates.io-1949cf8c6b5b557f/mdns-sd-0.15.1/src/service_daemon.rs:1503

  [2m2026-01-30T21:40:12.063220Z[0m [34mDEBUG[0m [1;34mmdns_sd::service_daemon[0m[34m: [34mdel_interface: interface lo not found[0m
    [2;3mat[0m /home/scott/.cargo/registry/src/index.crates.io-1949cf8c6b5b557f/mdns-sd-0.15.1/src/service_daemon.rs:1503

  [2m2026-01-30T21:40:17.086921Z[0m [34mDEBUG[0m [1;34mmdns_sd::service_daemon[0m[34m: [34mdel_interface: interface lo not found[0m
    [2;3mat[0m /home/scott/.cargo/registry/src/index.crates.io-1949cf8c6b5b557f/mdns-sd-0.15.1/src/service_daemon.rs:1503

  [2m2026-01-30T21:40:17.086939Z[0m [34mDEBUG[0m [1;34mmdns_sd::service_daemon[0m[34m: [34mdel_interface: interface lo not found[0m
    [2;3mat[0m /home/scott/.cargo/registry/src/index.crates.io-1949cf8c6b5b557f/mdns-sd-0.15.1/src/service_daemon.rs:1503

  [2m2026-01-30T21:40:19.999013Z[0m [34mDEBUG[0m [1;34mninep_server::auto_mount[0m[34m: [34mStarting server discovery and auto-mount cycle[0m
    [2;3mat[0m src/auto_mount.rs:324

  [2m2026-01-30T21:40:19.999052Z[0m [34mDEBUG[0m [1;34mninep_server::auto_mount[0m[34m: [34mMounting server 127.0.0.1:5640 at "/home/scott/n/127_0_0_1_port_5640"[0m
    [2;3mat[0m src/auto_mount.rs:413

  [2m2026-01-30T21:40:19.999068Z[0m [34mDEBUG[0m [1;34mninep_server::auto_mount[0m[34m: [34mEstablishing Tcp connection to 127.0.0.1:5640[0m
    [2;3mat[0m src/auto_mount.rs:457

  [2m2026-01-30T21:40:19.999072Z[0m [32m INFO[0m [1;32mninep_server::transport::tcp[0m[32m: [32mInitializing legacy TCP transport[0m
    [2;3mat[0m src/transport/tcp.rs:22

  [2m2026-01-30T21:40:19.999076Z[0m [34mDEBUG[0m [1;34mninep_server::transport::tcp[0m[34m: [34mConnecting to 127.0.0.1:5640 via TCP[0m
    [2;3mat[0m src/transport/tcp.rs:36

  [2m2026-01-30T21:40:19.999160Z[0m [31mERROR[0m [1;31mninep_server::auto_mount[0m[31m: [31mConnection test failed: Connection refused (os error 111)[0m
    [2;3mat[0m src/auto_mount.rs:475

  [2m2026-01-30T21:40:19.999171Z[0m [33m WARN[0m [1;33mninep_server::auto_mount[0m[33m: [33mFailed to mount server 127.0.0.1:5640: Connection test failed: Connection refused (os error 111)[0m
    [2;3mat[0m src/auto_mount.rs:361

  [2m2026-01-30T21:40:19.999179Z[0m [34mDEBUG[0m [1;34mninep_server::auto_mount[0m[34m: [34mMounting server 127.0.0.1:5641 at "/home/scott/n/127_0_0_1_port_5641"[0m
    [2;3mat[0m src/auto_mount.rs:413

  [2m2026-01-30T21:40:19.999185Z[0m [34mDEBUG[0m [1;34mninep_server::auto_mount[0m[34m: [34mEstablishing Tcp connection to 127.0.0.1:5641[0m
    [2;3mat[0m src/auto_mount.rs:457

  [2m2026-01-30T21:40:19.999211Z[0m [32m INFO[0m [1;32mninep_server::transport::tcp[0m[32m: [32mInitializing legacy TCP transport[0m
    [2;3mat[0m src/transport/tcp.rs:22

  [2m2026-01-30T21:40:19.999214Z[0m [34mDEBUG[0m [1;34mninep_server::transport::tcp[0m[34m: [34mConnecting to 127.0.0.1:5641 via TCP[0m
    [2;3mat[0m src/transport/tcp.rs:36

  [2m2026-01-30T21:40:19.999239Z[0m [31mERROR[0m [1;31mninep_server::auto_mount[0m[31m: [31mConnection test failed: Connection refused (os error 111)[0m
    [2;3mat[0m src/auto_mount.rs:475

  [2m2026-01-30T21:40:19.999244Z[0m [33m WARN[0m [1;33mninep_server::auto_mount[0m[33m: [33mFailed to mount server 127.0.0.1:5641: Connection test failed: Connection refused (os error 111)[0m
    [2;3mat[0m src/auto_mount.rs:361

  [2m2026-01-30T21:40:19.999249Z[0m [34mDEBUG[0m [1;34mninep_server::auto_mount[0m[34m: [34mMounting server 127.0.0.1:5642 at "/home/scott/n/127_0_0_1_port_5642"[0m
    [2;3mat[0m src/auto_mount.rs:413

  [2m2026-01-30T21:40:19.999254Z[0m [34mDEBUG[0m [1;34mninep_server::auto_mount[0m[34m: [34mEstablishing Tcp connection to 127.0.0.1:5642[0m
    [2;3mat[0m src/auto_mount.rs:457

  [2m2026-01-30T21:40:19.999257Z[0m [32m INFO[0m [1;32mninep_server::transport::tcp[0m[32m: [32mInitializing legacy TCP transport[0m
    [2;3mat[0m src/transport/tcp.rs:22

  [2m2026-01-30T21:40:19.999259Z[0m [34mDEBUG[0m [1;34mninep_server::transport::tcp[0m[34m: [34mConnecting to 127.0.0.1:5642 via TCP[0m
    [2;3mat[0m src/transport/tcp.rs:36

  [2m2026-01-30T21:40:19.999278Z[0m [31mERROR[0m [1;31mninep_server::auto_mount[0m[31m: [31mConnection test failed: Connection refused (os error 111)[0m
    [2;3mat[0m src/auto_mount.rs:475

  [2m2026-01-30T21:40:19.999283Z[0m [33m WARN[0m [1;33mninep_server::auto_mount[0m[33m: [33mFailed to mount server 127.0.0.1:5642: Connection test failed: Connection refused (os error 111)[0m
    [2;3mat[0m src/auto_mount.rs:361

  [2m2026-01-30T21:40:22.112241Z[0m [34mDEBUG[0m [1;34mmdns_sd::service_daemon[0m[34m: [34mdel_interface: interface lo not found[0m
    [2;3mat[0m /home/scott/.cargo/registry/src/index.crates.io-1949cf8c6b5b557f/mdns-sd-0.15.1/src/service_daemon.rs:1503

  [2m2026-01-30T21:40:22.112296Z[0m [34mDEBUG[0m [1;34mmdns_sd::service_daemon[0m[34m: [34mdel_interface: interface lo not found[0m
    [2;3mat[0m /home/scott/.cargo/registry/src/index.crates.io-1949cf8c6b5b557f/mdns-sd-0.15.1/src/service_daemon.rs:1503

  [2m2026-01-30T21:40:23.001063Z[0m [34mDEBUG[0m [1;34mninep_server::mesh[0m[34m: [34mDHT empty, waiting for bootstrap peers[0m
    [2;3mat[0m src/mesh.rs:397

  [2m2026-01-30T21:40:27.136213Z[0m [34mDEBUG[0m [1;34mmdns_sd::service_daemon[0m[34m: [34mdel_interface: interface lo not found[0m
    [2;3mat[0m /home/scott/.cargo/registry/src/index.crates.io-1949cf8c6b5b557f/mdns-sd-0.15.1/src/service_daemon.rs:1503

  [2m2026-01-30T21:40:27.136265Z[0m [34mDEBUG[0m [1;34mmdns_sd::service_daemon[0m[34m: [34mdel_interface: interface lo not found[0m
    [2;3mat[0m /home/scott/.cargo/registry/src/index.crates.io-1949cf8c6b5b557f/mdns-sd-0.15.1/src/service_daemon.rs:1503

  [2m2026-01-30T21:40:32.157148Z[0m [34mDEBUG[0m [1;34mmdns_sd::service_daemon[0m[34m: [34mdel_interface: interface lo not found[0m
    [2;3mat[0m /home/scott/.cargo/registry/src/index.crates.io-1949cf8c6b5b557f/mdns-sd-0.15.1/src/service_daemon.rs:1503

  [2m2026-01-30T21:40:32.157202Z[0m [34mDEBUG[0m [1;34mmdns_sd::service_daemon[0m[34m: [34mdel_interface: interface lo not found[0m
    [2;3mat[0m /home/scott/.cargo/registry/src/index.crates.io-1949cf8c6b5b557f/mdns-sd-0.15.1/src/service_daemon.rs:1503

  [2m2026-01-30T21:40:37.162024Z[0m [34mDEBUG[0m [1;34mmdns_sd::service_daemon[0m[34m: [34mdel_interface: interface lo not found[0m
    [2;3mat[0m /home/scott/.cargo/registry/src/index.crates.io-1949cf8c6b5b557f/mdns-sd-0.15.1/src/service_daemon.rs:1503

  [2m2026-01-30T21:40:37.162073Z[0m [34mDEBUG[0m [1;34mmdns_sd::service_daemon[0m[34m: [34mdel_interface: interface lo not found[0m
    [2;3mat[0m /home/scott/.cargo/registry/src/index.crates.io-1949cf8c6b5b557f/mdns-sd-0.15.1/src/service_daemon.rs:1503

  [2m2026-01-30T21:40:42.184101Z[0m [34mDEBUG[0m [1;34mmdns_sd::service_daemon[0m[34m: [34mdel_interface: interface lo not found[0m
    [2;3mat[0m /home/scott/.cargo/registry/src/index.crates.io-1949cf8c6b5b557f/mdns-sd-0.15.1/src/service_daemon.rs:1503

  [2m2026-01-30T21:40:42.184156Z[0m [34mDEBUG[0m [1;34mmdns_sd::service_daemon[0m[34m: [34mdel_interface: interface lo not found[0m
    [2;3mat[0m /home/scott/.cargo/registry/src/index.crates.io-1949cf8c6b5b557f/mdns-sd-0.15.1/src/service_daemon.rs:1503

  [2m2026-01-30T21:40:47.208145Z[0m [34mDEBUG[0m [1;34mmdns_sd::service_daemon[0m[34m: [34mdel_interface: interface lo not found[0m
    [2;3mat[0m /home/scott/.cargo/registry/src/index.crates.io-1949cf8c6b5b557f/mdns-sd-0.15.1/src/service_daemon.rs:1503

  [2m2026-01-30T21:40:47.208205Z[0m [34mDEBUG[0m [1;34mmdns_sd::service_daemon[0m[34m: [34mdel_interface: interface lo not found[0m
    [2;3mat[0m /home/scott/.cargo/registry/src/index.crates.io-1949cf8c6b5b557f/mdns-sd-0.15.1/src/service_daemon.rs:1503

  [2m2026-01-30T21:40:49.998992Z[0m [34mDEBUG[0m [1;34mninep_server::auto_mount[0m[34m: [34mStarting server discovery and auto-mount cycle[0m
    [2;3mat[0m src/auto_mount.rs:324

  [2m2026-01-30T21:40:49.999029Z[0m [34mDEBUG[0m [1;34mninep_server::auto_mount[0m[34m: [34mMounting server 127.0.0.1:5640 at "/home/scott/n/127_0_0_1_port_5640"[0m
    [2;3mat[0m src/auto_mount.rs:413

  [2m2026-01-30T21:40:49.999043Z[0m [34mDEBUG[0m [1;34mninep_server::auto_mount[0m[34m: [34mEstablishing Tcp connection to 127.0.0.1:5640[0m
    [2;3mat[0m src/auto_mount.rs:457

  [2m2026-01-30T21:40:49.999046Z[0m [32m INFO[0m [1;32mninep_server::transport::tcp[0m[32m: [32mInitializing legacy TCP transport[0m
    [2;3mat[0m src/transport/tcp.rs:22

  [2m2026-01-30T21:40:49.999050Z[0m [34mDEBUG[0m [1;34mninep_server::transport::tcp[0m[34m: [34mConnecting to 127.0.0.1:5640 via TCP[0m
    [2;3mat[0m src/transport/tcp.rs:36

  [2m2026-01-30T21:40:49.999134Z[0m [31mERROR[0m [1;31mninep_server::auto_mount[0m[31m: [31mConnection test failed: Connection refused (os error 111)[0m
    [2;3mat[0m src/auto_mount.rs:475

  [2m2026-01-30T21:40:49.999147Z[0m [33m WARN[0m [1;33mninep_server::auto_mount[0m[33m: [33mFailed to mount server 127.0.0.1:5640: Connection test failed: Connection refused (os error 111)[0m
    [2;3mat[0m src/auto_mount.rs:361

  [2m2026-01-30T21:40:49.999154Z[0m [34mDEBUG[0m [1;34mninep_server::auto_mount[0m[34m: [34mMounting server 127.0.0.1:5641 at "/home/scott/n/127_0_0_1_port_5641"[0m
    [2;3mat[0m src/auto_mount.rs:413

  [2m2026-01-30T21:40:49.999162Z[0m [34mDEBUG[0m [1;34mninep_server::auto_mount[0m[34m: [34mEstablishing Tcp connection to 127.0.0.1:5641[0m
    [2;3mat[0m src/auto_mount.rs:457

  [2m2026-01-30T21:40:49.999165Z[0m [32m INFO[0m [1;32mninep_server::transport::tcp[0m[32m: [32mInitializing legacy TCP transport[0m
    [2;3mat[0m src/transport/tcp.rs:22

  [2m2026-01-30T21:40:49.999167Z[0m [34mDEBUG[0m [1;34mninep_server::transport::tcp[0m[34m: [34mConnecting to 127.0.0.1:5641 via TCP[0m
    [2;3mat[0m src/transport/tcp.rs:36

  [2m2026-01-30T21:40:49.999202Z[0m [31mERROR[0m [1;31mninep_server::auto_mount[0m[31m: [31mConnection test failed: Connection refused (os error 111)[0m
    [2;3mat[0m src/auto_mount.rs:475

  [2m2026-01-30T21:40:49.999207Z[0m [33m WARN[0m [1;33mninep_server::auto_mount[0m[33m: [33mFailed to mount server 127.0.0.1:5641: Connection test failed: Connection refused (os error 111)[0m
    [2;3mat[0m src/auto_mount.rs:361

  [2m2026-01-30T21:40:49.999228Z[0m [34mDEBUG[0m [1;34mninep_server::auto_mount[0m[34m: [34mMounting server 127.0.0.1:5642 at "/home/scott/n/127_0_0_1_port_5642"[0m
    [2;3mat[0m src/auto_mount.rs:413

  [2m2026-01-30T21:40:49.999234Z[0m [34mDEBUG[0m [1;34mninep_server::auto_mount[0m[34m: [34mEstablishing Tcp connection to 127.0.0.1:5642[0m
    [2;3mat[0m src/auto_mount.rs:457

  [2m2026-01-30T21:40:49.999237Z[0m [32m INFO[0m [1;32mninep_server::transport::tcp[0m[32m: [32mInitializing legacy TCP transport[0m
    [2;3mat[0m src/transport/tcp.rs:22

  [2m2026-01-30T21:40:49.999239Z[0m [34mDEBUG[0m [1;34mninep_server::transport::tcp[0m[34m: [34mConnecting to 127.0.0.1:5642 via TCP[0m
    [2;3mat[0m src/transport/tcp.rs:36

  [2m2026-01-30T21:40:49.999261Z[0m [31mERROR[0m [1;31mninep_server::auto_mount[0m[31m: [31mConnection test failed: Connection refused (os error 111)[0m
    [2;3mat[0m src/auto_mount.rs:475

  [2m2026-01-30T21:40:49.999266Z[0m [33m WARN[0m [1;33mninep_server::auto_mount[0m[33m: [33mFailed to mount server 127.0.0.1:5642: Connection test failed: Connection refused (os error 111)[0m
    [2;3mat[0m src/auto_mount.rs:361

  [2m2026-01-30T21:40:52.210138Z[0m [34mDEBUG[0m [1;34mmdns_sd::service_daemon[0m[34m: [34mdel_interface: interface lo not found[0m
    [2;3mat[0m /home/scott/.cargo/registry/src/index.crates.io-1949cf8c6b5b557f/mdns-sd-0.15.1/src/service_daemon.rs:1503

  [2m2026-01-30T21:40:52.210195Z[0m [34mDEBUG[0m [1;34mmdns_sd::service_daemon[0m[34m: [34mdel_interface: interface lo not found[0m
    [2;3mat[0m /home/scott/.cargo/registry/src/index.crates.io-1949cf8c6b5b557f/mdns-sd-0.15.1/src/service_daemon.rs:1503

  [2m2026-01-30T21:40:53.000356Z[0m [34mDEBUG[0m [1;34mninep_server::mesh[0m[34m: [34mDHT empty, waiting for bootstrap peers[0m
    [2;3mat[0m src/mesh.rs:397

  [2m2026-01-30T21:40:57.210011Z[0m [34mDEBUG[0m [1;34mmdns_sd::service_daemon[0m[34m: [34mdel_interface: interface lo not found[0m
    [2;3mat[0m /home/scott/.cargo/registry/src/index.crates.io-1949cf8c6b5b557f/mdns-sd-0.15.1/src/service_daemon.rs:1503

  [2m2026-01-30T21:40:57.210073Z[0m [34mDEBUG[0m [1;34mmdns_sd::service_daemon[0m[34m: [34mdel_interface: interface lo not found[0m
    [2;3mat[0m /home/scott/.cargo/registry/src/index.crates.io-1949cf8c6b5b557f/mdns-sd-0.15.1/src/service_daemon.rs:1503

  [2m2026-01-30T21:41:02.211175Z[0m [34mDEBUG[0m [1;34mmdns_sd::service_daemon[0m[34m: [34mdel_interface: interface lo not found[0m
    [2;3mat[0m /home/scott/.cargo/registry/src/index.crates.io-1949cf8c6b5b557f/mdns-sd-0.15.1/src/service_daemon.rs:1503

  [2m2026-01-30T21:41:02.211236Z[0m [34mDEBUG[0m [1;34mmdns_sd::service_daemon[0m[34m: [34mdel_interface: interface lo not found[0m
    [2;3mat[0m /home/scott/.cargo/registry/src/index.crates.io-1949cf8c6b5b557f/mdns-sd-0.15.1/src/service_daemon.rs:1503

  [2m2026-01-30T21:41:07.235305Z[0m [34mDEBUG[0m [1;34mmdns_sd::service_daemon[0m[34m: [34mdel_interface: interface lo not found[0m
    [2;3mat[0m /home/scott/.cargo/registry/src/index.crates.io-1949cf8c6b5b557f/mdns-sd-0.15.1/src/service_daemon.rs:1503

  [2m2026-01-30T21:41:07.235365Z[0m [34mDEBUG[0m [1;34mmdns_sd::service_daemon[0m[34m: [34mdel_interface: interface lo not found[0m
    [2;3mat[0m /home/scott/.cargo/registry/src/index.crates.io-1949cf8c6b5b557f/mdns-sd-0.15.1/src/service_daemon.rs:1503

  [2m2026-01-30T21:41:12.255942Z[0m [34mDEBUG[0m [1;34mmdns_sd::service_daemon[0m[34m: [34mdel_interface: interface lo not found[0m
    [2;3mat[0m /home/scott/.cargo/registry/src/index.crates.io-1949cf8c6b5b557f/mdns-sd-0.15.1/src/service_daemon.rs:1503

  [2m2026-01-30T21:41:12.255967Z[0m [34mDEBUG[0m [1;34mmdns_sd::service_daemon[0m[34m: [34mdel_interface: interface lo not found[0m
    [2;3mat[0m /home/scott/.cargo/registry/src/index.crates.io-1949cf8c6b5b557f/mdns-sd-0.15.1/src/service_daemon.rs:1503

  [2m2026-01-30T21:41:17.281145Z[0m [34mDEBUG[0m [1;34mmdns_sd::service_daemon[0m[34m: [34mdel_interface: interface lo not found[0m
    [2;3mat[0m /home/scott/.cargo/registry/src/index.crates.io-1949cf8c6b5b557f/mdns-sd-0.15.1/src/service_daemon.rs:1503

  [2m2026-01-30T21:41:17.281222Z[0m [34mDEBUG[0m [1;34mmdns_sd::service_daemon[0m[34m: [34mdel_interface: interface lo not found[0m
    [2;3mat[0m /home/scott/.cargo/registry/src/index.crates.io-1949cf8c6b5b557f/mdns-sd-0.15.1/src/service_daemon.rs:1503

  [2m2026-01-30T21:41:19.998943Z[0m [34mDEBUG[0m [1;34mninep_server::auto_mount[0m[34m: [34mStarting server discovery and auto-mount cycle[0m
    [2;3mat[0m src/auto_mount.rs:324

  [2m2026-01-30T21:41:19.999034Z[0m [34mDEBUG[0m [1;34mninep_server::auto_mount[0m[34m: [34mMounting server 127.0.0.1:5640 at "/home/scott/n/127_0_0_1_port_5640"[0m
    [2;3mat[0m src/auto_mount.rs:413

  [2m2026-01-30T21:41:19.999075Z[0m [34mDEBUG[0m [1;34mninep_server::auto_mount[0m[34m: [34mEstablishing Tcp connection to 127.0.0.1:5640[0m
    [2;3mat[0m src/auto_mount.rs:457

  [2m2026-01-30T21:41:19.999088Z[0m [32m INFO[0m [1;32mninep_server::transport::tcp[0m[32m: [32mInitializing legacy TCP transport[0m
    [2;3mat[0m src/transport/tcp.rs:22

  [2m2026-01-30T21:41:19.999102Z[0m [34mDEBUG[0m [1;34mninep_server::transport::tcp[0m[34m: [34mConnecting to 127.0.0.1:5640 via TCP[0m
    [2;3mat[0m src/transport/tcp.rs:36

  [2m2026-01-30T21:41:19.999314Z[0m [31mERROR[0m [1;31mninep_server::auto_mount[0m[31m: [31mConnection test failed: Connection refused (os error 111)[0m
    [2;3mat[0m src/auto_mount.rs:475

  [2m2026-01-30T21:41:19.999350Z[0m [33m WARN[0m [1;33mninep_server::auto_mount[0m[33m: [33mFailed to mount server 127.0.0.1:5640: Connection test failed: Connection refused (os error 111)[0m
    [2;3mat[0m src/auto_mount.rs:361

  [2m2026-01-30T21:41:19.999376Z[0m [34mDEBUG[0m [1;34mninep_server::auto_mount[0m[34m: [34mMounting server 127.0.0.1:5641 at "/home/scott/n/127_0_0_1_port_5641"[0m
    [2;3mat[0m src/auto_mount.rs:413

  [2m2026-01-30T21:41:19.999399Z[0m [34mDEBUG[0m [1;34mninep_server::auto_mount[0m[34m: [34mEstablishing Tcp connection to 127.0.0.1:5641[0m
    [2;3mat[0m src/auto_mount.rs:457

  [2m2026-01-30T21:41:19.999409Z[0m [32m INFO[0m [1;32mninep_server::transport::tcp[0m[32m: [32mInitializing legacy TCP transport[0m
    [2;3mat[0m src/transport/tcp.rs:22

  [2m2026-01-30T21:41:19.999420Z[0m [34mDEBUG[0m [1;34mninep_server::transport::tcp[0m[34m: [34mConnecting to 127.0.0.1:5641 via TCP[0m
    [2;3mat[0m src/transport/tcp.rs:36

  [2m2026-01-30T21:41:19.999508Z[0m [31mERROR[0m [1;31mninep_server::auto_mount[0m[31m: [31mConnection test failed: Connection refused (os error 111)[0m
    [2;3mat[0m src/auto_mount.rs:475

  [2m2026-01-30T21:41:19.999528Z[0m [33m WARN[0m [1;33mninep_server::auto_mount[0m[33m: [33mFailed to mount server 127.0.0.1:5641: Connection test failed: Connection refused (os error 111)[0m
    [2;3mat[0m src/auto_mount.rs:361

  [2m2026-01-30T21:41:19.999548Z[0m [34mDEBUG[0m [1;34mninep_server::auto_mount[0m[34m: [34mMounting server 127.0.0.1:5642 at "/home/scott/n/127_0_0_1_port_5642"[0m
    [2;3mat[0m src/auto_mount.rs:413

  [2m2026-01-30T21:41:19.999567Z[0m [34mDEBUG[0m [1;34mninep_server::auto_mount[0m[34m: [34mEstablishing Tcp connection to 127.0.0.1:5642[0m
    [2;3mat[0m src/auto_mount.rs:457

  [2m2026-01-30T21:41:19.999577Z[0m [32m INFO[0m [1;32mninep_server::transport::tcp[0m[32m: [32mInitializing legacy TCP transport[0m
    [2;3mat[0m src/transport/tcp.rs:22

  [2m2026-01-30T21:41:19.999586Z[0m [34mDEBUG[0m [1;34mninep_server::transport::tcp[0m[34m: [34mConnecting to 127.0.0.1:5642 via TCP[0m
    [2;3mat[0m src/transport/tcp.rs:36

  [2m2026-01-30T21:41:19.999662Z[0m [31mERROR[0m [1;31mninep_server::auto_mount[0m[31m: [31mConnection test failed: Connection refused (os error 111)[0m
    [2;3mat[0m src/auto_mount.rs:475

  [2m2026-01-30T21:41:19.999681Z[0m [33m WARN[0m [1;33mninep_server::auto_mount[0m[33m: [33mFailed to mount server 127.0.0.1:5642: Connection test failed: Connection refused (os error 111)[0m
    [2;3mat[0m src/auto_mount.rs:361

  [2m2026-01-30T21:41:22.304942Z[0m [34mDEBUG[0m [1;34mmdns_sd::service_daemon[0m[34m: [34mdel_interface: interface lo not found[0m
    [2;3mat[0m /home/scott/.cargo/registry/src/index.crates.io-1949cf8c6b5b557f/mdns-sd-0.15.1/src/service_daemon.rs:1503

  [2m2026-01-30T21:41:22.304965Z[0m [34mDEBUG[0m [1;34mmdns_sd::service_daemon[0m[34m: [34mdel_interface: interface lo not found[0m
    [2;3mat[0m /home/scott/.cargo/registry/src/index.crates.io-1949cf8c6b5b557f/mdns-sd-0.15.1/src/service_daemon.rs:1503

  [2m2026-01-30T21:41:23.000865Z[0m [34mDEBUG[0m [1;34mninep_server::mesh[0m[34m: [34mDHT empty, waiting for bootstrap peers[0m
    [2;3mat[0m src/mesh.rs:397

  [2m2026-01-30T21:41:27.330181Z[0m [34mDEBUG[0m [1;34mmdns_sd::service_daemon[0m[34m: [34mdel_interface: interface lo not found[0m
    [2;3mat[0m /home/scott/.cargo/registry/src/index.crates.io-1949cf8c6b5b557f/mdns-sd-0.15.1/src/service_daemon.rs:1503

  [2m2026-01-30T21:41:27.330239Z[0m [34mDEBUG[0m [1;34mmdns_sd::service_daemon[0m[34m: [34mdel_interface: interface lo not found[0m
    [2;3mat[0m /home/scott/.cargo/registry/src/index.crates.io-1949cf8c6b5b557f/mdns-sd-0.15.1/src/service_daemon.rs:1503

  [2m2026-01-30T21:41:32.353963Z[0m [34mDEBUG[0m [1;34mmdns_sd::service_daemon[0m[34m: [34mdel_interface: interface lo not found[0m
    [2;3mat[0m /home/scott/.cargo/registry/src/index.crates.io-1949cf8c6b5b557f/mdns-sd-0.15.1/src/service_daemon.rs:1503

  [2m2026-01-30T21:41:32.353982Z[0m [34mDEBUG[0m [1;34mmdns_sd::service_daemon[0m[34m: [34mdel_interface: interface lo not found[0m
    [2;3mat[0m /home/scott/.cargo/registry/src/index.crates.io-1949cf8c6b5b557f/mdns-sd-0.15.1/src/service_daemon.rs:1503

  [2m2026-01-30T21:41:37.363162Z[0m [34mDEBUG[0m [1;34mmdns_sd::service_daemon[0m[34m: [34mdel_interface: interface lo not found[0m
    [2;3mat[0m /home/scott/.cargo/registry/src/index.crates.io-1949cf8c6b5b557f/mdns-sd-0.15.1/src/service_daemon.rs:1503

  [2m2026-01-30T21:41:37.363225Z[0m [34mDEBUG[0m [1;34mmdns_sd::service_daemon[0m[34m: [34mdel_interface: interface lo not found[0m
    [2;3mat[0m /home/scott/.cargo/registry/src/index.crates.io-1949cf8c6b5b557f/mdns-sd-0.15.1/src/service_daemon.rs:1503

  [2m2026-01-30T21:41:42.387203Z[0m [34mDEBUG[0m [1;34mmdns_sd::service_daemon[0m[34m: [34mdel_interface: interface lo not found[0m
    [2;3mat[0m /home/scott/.cargo/registry/src/index.crates.io-1949cf8c6b5b557f/mdns-sd-0.15.1/src/service_daemon.rs:1503

  [2m2026-01-30T21:41:42.387261Z[0m [34mDEBUG[0m [1;34mmdns_sd::service_daemon[0m[34m: [34mdel_interface: interface lo not found[0m
    [2;3mat[0m /home/scott/.cargo/registry/src/index.crates.io-1949cf8c6b5b557f/mdns-sd-0.15.1/src/service_daemon.rs:1503

  [2m2026-01-30T21:41:47.411408Z[0m [34mDEBUG[0m [1;34mmdns_sd::service_daemon[0m[34m: [34mdel_interface: interface lo not found[0m
    [2;3mat[0m /home/scott/.cargo/registry/src/index.crates.io-1949cf8c6b5b557f/mdns-sd-0.15.1/src/service_daemon.rs:1503

  [2m2026-01-30T21:41:47.411422Z[0m [34mDEBUG[0m [1;34mmdns_sd::service_daemon[0m[34m: [34mdel_interface: interface lo not found[0m
    [2;3mat[0m /home/scott/.cargo/registry/src/index.crates.io-1949cf8c6b5b557f/mdns-sd-0.15.1/src/service_daemon.rs:1503

  [2m2026-01-30T21:41:50.008854Z[0m [34mDEBUG[0m [1;34mninep_server::auto_mount[0m[34m: [34mStarting server discovery and auto-mount cycle[0m
    [2;3mat[0m src/auto_mount.rs:324

  [2m2026-01-30T21:41:50.008960Z[0m [34mDEBUG[0m [1;34mninep_server::auto_mount[0m[34m: [34mMounting server 127.0.0.1:5640 at "/home/scott/n/127_0_0_1_port_5640"[0m
    [2;3mat[0m src/auto_mount.rs:413

  [2m2026-01-30T21:41:50.009008Z[0m [34mDEBUG[0m [1;34mninep_server::auto_mount[0m[34m: [34mEstablishing Tcp connection to 127.0.0.1:5640[0m
    [2;3mat[0m src/auto_mount.rs:457

  [2m2026-01-30T21:41:50.009054Z[0m [32m INFO[0m [1;32mninep_server::transport::tcp[0m[32m: [32mInitializing legacy TCP transport[0m
    [2;3mat[0m src/transport/tcp.rs:22

  [2m2026-01-30T21:41:50.009071Z[0m [34mDEBUG[0m [1;34mninep_server::transport::tcp[0m[34m: [34mConnecting to 127.0.0.1:5640 via TCP[0m
    [2;3mat[0m src/transport/tcp.rs:36

  [2m2026-01-30T21:41:50.009298Z[0m [31mERROR[0m [1;31mninep_server::auto_mount[0m[31m: [31mConnection test failed: Connection refused (os error 111)[0m
    [2;3mat[0m src/auto_mount.rs:475

  [2m2026-01-30T21:41:50.009347Z[0m [33m WARN[0m [1;33mninep_server::auto_mount[0m[33m: [33mFailed to mount server 127.0.0.1:5640: Connection test failed: Connection refused (os error 111)[0m
    [2;3mat[0m src/auto_mount.rs:361

  [2m2026-01-30T21:41:50.009379Z[0m [34mDEBUG[0m [1;34mninep_server::auto_mount[0m[34m: [34mMounting server 127.0.0.1:5641 at "/home/scott/n/127_0_0_1_port_5641"[0m
    [2;3mat[0m src/auto_mount.rs:413

  [2m2026-01-30T21:41:50.009412Z[0m [34mDEBUG[0m [1;34mninep_server::auto_mount[0m[34m: [34mEstablishing Tcp connection to 127.0.0.1:5641[0m
    [2;3mat[0m src/auto_mount.rs:457

  [2m2026-01-30T21:41:50.009424Z[0m [32m INFO[0m [1;32mninep_server::transport::tcp[0m[32m: [32mInitializing legacy TCP transport[0m
    [2;3mat[0m src/transport/tcp.rs:22

  [2m2026-01-30T21:41:50.009437Z[0m [34mDEBUG[0m [1;34mninep_server::transport::tcp[0m[34m: [34mConnecting to 127.0.0.1:5641 via TCP[0m
    [2;3mat[0m src/transport/tcp.rs:36

  [2m2026-01-30T21:41:50.009577Z[0m [31mERROR[0m [1;31mninep_server::auto_mount[0m[31m: [31mConnection test failed: Connection refused (os error 111)[0m
    [2;3mat[0m src/auto_mount.rs:475

  [2m2026-01-30T21:41:50.009601Z[0m [33m WARN[0m [1;33mninep_server::auto_mount[0m[33m: [33mFailed to mount server 127.0.0.1:5641: Connection test failed: Connection refused (os error 111)[0m
    [2;3mat[0m src/auto_mount.rs:361

  [2m2026-01-30T21:41:50.009622Z[0m [34mDEBUG[0m [1;34mninep_server::auto_mount[0m[34m: [34mMounting server 127.0.0.1:5642 at "/home/scott/n/127_0_0_1_port_5642"[0m
    [2;3mat[0m src/auto_mount.rs:413

  [2m2026-01-30T21:41:50.009645Z[0m [34mDEBUG[0m [1;34mninep_server::auto_mount[0m[34m: [34mEstablishing Tcp connection to 127.0.0.1:5642[0m
    [2;3mat[0m src/auto_mount.rs:457

  [2m2026-01-30T21:41:50.009657Z[0m [32m INFO[0m [1;32mninep_server::transport::tcp[0m[32m: [32mInitializing legacy TCP transport[0m
    [2;3mat[0m src/transport/tcp.rs:22

  [2m2026-01-30T21:41:50.009668Z[0m [34mDEBUG[0m [1;34mninep_server::transport::tcp[0m[34m: [34mConnecting to 127.0.0.1:5642 via TCP[0m
    [2;3mat[0m src/transport/tcp.rs:36

  [2m2026-01-30T21:41:50.009760Z[0m [31mERROR[0m [1;31mninep_server::auto_mount[0m[31m: [31mConnection test failed: Connection refused (os error 111)[0m
    [2;3mat[0m src/auto_mount.rs:475

  [2m2026-01-30T21:41:50.009889Z[0m [33m WARN[0m [1;33mninep_server::auto_mount[0m[33m: [33mFailed to mount server 127.0.0.1:5642: Connection test failed: Connection refused (os error 111)[0m
    [2;3mat[0m src/auto_mount.rs:361

  [2m2026-01-30T21:41:52.436148Z[0m [34mDEBUG[0m [1;34mmdns_sd::service_daemon[0m[34m: [34mdel_interface: interface lo not found[0m
    [2;3mat[0m /home/scott/.cargo/registry/src/index.crates.io-1949cf8c6b5b557f/mdns-sd-0.15.1/src/service_daemon.rs:1503

  [2m2026-01-30T21:41:52.436190Z[0m [34mDEBUG[0m [1;34mmdns_sd::service_daemon[0m[34m: [34mdel_interface: interface lo not found[0m
    [2;3mat[0m /home/scott/.cargo/registry/src/index.crates.io-1949cf8c6b5b557f/mdns-sd-0.15.1/src/service_daemon.rs:1503

  [2m2026-01-30T21:41:53.000322Z[0m [34mDEBUG[0m [1;34mninep_server::mesh[0m[34m: [34mDHT empty, waiting for bootstrap peers[0m
    [2;3mat[0m src/mesh.rs:397

  [2m2026-01-30T21:41:57.460663Z[0m [34mDEBUG[0m [1;34mmdns_sd::service_daemon[0m[34m: [34mdel_interface: interface lo not found[0m
    [2;3mat[0m /home/scott/.cargo/registry/src/index.crates.io-1949cf8c6b5b557f/mdns-sd-0.15.1/src/service_daemon.rs:1503

  [2m2026-01-30T21:41:57.460742Z[0m [34mDEBUG[0m [1;34mmdns_sd::service_daemon[0m[34m: [34mdel_interface: interface lo not found[0m
    [2;3mat[0m /home/scott/.cargo/registry/src/index.crates.io-1949cf8c6b5b557f/mdns-sd-0.15.1/src/service_daemon.rs:1503

  [2m2026-01-30T21:42:02.485155Z[0m [34mDEBUG[0m [1;34mmdns_sd::service_daemon[0m[34m: [34mdel_interface: interface lo not found[0m
    [2;3mat[0m /home/scott/.cargo/registry/src/index.crates.io-1949cf8c6b5b557f/mdns-sd-0.15.1/src/service_daemon.rs:1503

  [2m2026-01-30T21:42:02.485212Z[0m [34mDEBUG[0m [1;34mmdns_sd::service_daemon[0m[34m: [34mdel_interface: interface lo not found[0m
    [2;3mat[0m /home/scott/.cargo/registry/src/index.crates.io-1949cf8c6b5b557f/mdns-sd-0.15.1/src/service_daemon.rs:1503

  [2m2026-01-30T21:42:07.509178Z[0m [34mDEBUG[0m [1;34mmdns_sd::service_daemon[0m[34m: [34mdel_interface: interface lo not found[0m
    [2;3mat[0m /home/scott/.cargo/registry/src/index.crates.io-1949cf8c6b5b557f/mdns-sd-0.15.1/src/service_daemon.rs:1503

  [2m2026-01-30T21:42:07.509243Z[0m [34mDEBUG[0m [1;34mmdns_sd::service_daemon[0m[34m: [34mdel_interface: interface lo not found[0m
    [2;3mat[0m /home/scott/.cargo/registry/src/index.crates.io-1949cf8c6b5b557f/mdns-sd-0.15.1/src/service_daemon.rs:1503

  [2m2026-01-30T21:42:12.533142Z[0m [34mDEBUG[0m [1;34mmdns_sd::service_daemon[0m[34m: [34mdel_interface: interface lo not found[0m
    [2;3mat[0m /home/scott/.cargo/registry/src/index.crates.io-1949cf8c6b5b557f/mdns-sd-0.15.1/src/service_daemon.rs:1503

  [2m2026-01-30T21:42:12.533201Z[0m [34mDEBUG[0m [1;34mmdns_sd::service_daemon[0m[34m: [34mdel_interface: interface lo not found[0m
    [2;3mat[0m /home/scott/.cargo/registry/src/index.crates.io-1949cf8c6b5b557f/mdns-sd-0.15.1/src/service_daemon.rs:1503

  [2m2026-01-30T21:42:17.556933Z[0m [34mDEBUG[0m [1;34mmdns_sd::service_daemon[0m[34m: [34mdel_interface: interface lo not found[0m
    [2;3mat[0m /home/scott/.cargo/registry/src/index.crates.io-1949cf8c6b5b557f/mdns-sd-0.15.1/src/service_daemon.rs:1503

  [2m2026-01-30T21:42:17.556955Z[0m [34mDEBUG[0m [1;34mmdns_sd::service_daemon[0m[34m: [34mdel_interface: interface lo not found[0m
    [2;3mat[0m /home/scott/.cargo/registry/src/index.crates.io-1949cf8c6b5b557f/mdns-sd-0.15.1/src/service_daemon.rs:1503

  [2m2026-01-30T21:42:19.999105Z[0m [34mDEBUG[0m [1;34mninep_server::auto_mount[0m[34m: [34mStarting server discovery and auto-mount cycle[0m
    [2;3mat[0m src/auto_mount.rs:324

  [2m2026-01-30T21:42:19.999182Z[0m [34mDEBUG[0m [1;34mninep_server::auto_mount[0m[34m: [34mMounting server 127.0.0.1:5640 at "/home/scott/n/127_0_0_1_port_5640"[0m
    [2;3mat[0m src/auto_mount.rs:413

  [2m2026-01-30T21:42:19.999210Z[0m [34mDEBUG[0m [1;34mninep_server::auto_mount[0m[34m: [34mEstablishing Tcp connection to 127.0.0.1:5640[0m
    [2;3mat[0m src/auto_mount.rs:457

  [2m2026-01-30T21:42:19.999220Z[0m [32m INFO[0m [1;32mninep_server::transport::tcp[0m[32m: [32mInitializing legacy TCP transport[0m
    [2;3mat[0m src/transport/tcp.rs:22

  [2m2026-01-30T21:42:19.999232Z[0m [34mDEBUG[0m [1;34mninep_server::transport::tcp[0m[34m: [34mConnecting to 127.0.0.1:5640 via TCP[0m
    [2;3mat[0m src/transport/tcp.rs:36

  [2m2026-01-30T21:42:19.999399Z[0m [31mERROR[0m [1;31mninep_server::auto_mount[0m[31m: [31mConnection test failed: Connection refused (os error 111)[0m
    [2;3mat[0m src/auto_mount.rs:475

  [2m2026-01-30T21:42:19.999424Z[0m [33m WARN[0m [1;33mninep_server::auto_mount[0m[33m: [33mFailed to mount server 127.0.0.1:5640: Connection test failed: Connection refused (os error 111)[0m
    [2;3mat[0m src/auto_mount.rs:361

  [2m2026-01-30T21:42:19.999444Z[0m [34mDEBUG[0m [1;34mninep_server::auto_mount[0m[34m: [34mMounting server 127.0.0.1:5641 at "/home/scott/n/127_0_0_1_port_5641"[0m
    [2;3mat[0m src/auto_mount.rs:413

  [2m2026-01-30T21:42:19.999480Z[0m [34mDEBUG[0m [1;34mninep_server::auto_mount[0m[34m: [34mEstablishing Tcp connection to 127.0.0.1:5641[0m
    [2;3mat[0m src/auto_mount.rs:457

  [2m2026-01-30T21:42:19.999486Z[0m [32m INFO[0m [1;32mninep_server::transport::tcp[0m[32m: [32mInitializing legacy TCP transport[0m
    [2;3mat[0m src/transport/tcp.rs:22

  [2m2026-01-30T21:42:19.999493Z[0m [34mDEBUG[0m [1;34mninep_server::transport::tcp[0m[34m: [34mConnecting to 127.0.0.1:5641 via TCP[0m
    [2;3mat[0m src/transport/tcp.rs:36

  [2m2026-01-30T21:42:19.999546Z[0m [31mERROR[0m [1;31mninep_server::auto_mount[0m[31m: [31mConnection test failed: Connection refused (os error 111)[0m
    [2;3mat[0m src/auto_mount.rs:475

  [2m2026-01-30T21:42:19.999555Z[0m [33m WARN[0m [1;33mninep_server::auto_mount[0m[33m: [33mFailed to mount server 127.0.0.1:5641: Connection test failed: Connection refused (os error 111)[0m
    [2;3mat[0m src/auto_mount.rs:361

  [2m2026-01-30T21:42:19.999566Z[0m [34mDEBUG[0m [1;34mninep_server::auto_mount[0m[34m: [34mMounting server 127.0.0.1:5642 at "/home/scott/n/127_0_0_1_port_5642"[0m
    [2;3mat[0m src/auto_mount.rs:413

  [2m2026-01-30T21:42:19.999577Z[0m [34mDEBUG[0m [1;34mninep_server::auto_mount[0m[34m: [34mEstablishing Tcp connection to 127.0.0.1:5642[0m
    [2;3mat[0m src/auto_mount.rs:457

  [2m2026-01-30T21:42:19.999583Z[0m [32m INFO[0m [1;32mninep_server::transport::tcp[0m[32m: [32mInitializing legacy TCP transport[0m
    [2;3mat[0m src/transport/tcp.rs:22

  [2m2026-01-30T21:42:19.999589Z[0m [34mDEBUG[0m [1;34mninep_server::transport::tcp[0m[34m: [34mConnecting to 127.0.0.1:5642 via TCP[0m
    [2;3mat[0m src/transport/tcp.rs:36

  [2m2026-01-30T21:42:19.999627Z[0m [31mERROR[0m [1;31mninep_server::auto_mount[0m[31m: [31mConnection test failed: Connection refused (os error 111)[0m
    [2;3mat[0m src/auto_mount.rs:475

  [2m2026-01-30T21:42:19.999635Z[0m [33m WARN[0m [1;33mninep_server::auto_mount[0m[33m: [33mFailed to mount server 127.0.0.1:5642: Connection test failed: Connection refused (os error 111)[0m
    [2;3mat[0m src/auto_mount.rs:361

  [2m2026-01-30T21:42:22.559938Z[0m [34mDEBUG[0m [1;34mmdns_sd::service_daemon[0m[34m: [34mdel_interface: interface lo not found[0m
    [2;3mat[0m /home/scott/.cargo/registry/src/index.crates.io-1949cf8c6b5b557f/mdns-sd-0.15.1/src/service_daemon.rs:1503

  [2m2026-01-30T21:42:22.559959Z[0m [34mDEBUG[0m [1;34mmdns_sd::service_daemon[0m[34m: [34mdel_interface: interface lo not found[0m
    [2;3mat[0m /home/scott/.cargo/registry/src/index.crates.io-1949cf8c6b5b557f/mdns-sd-0.15.1/src/service_daemon.rs:1503

  [2m2026-01-30T21:42:23.000644Z[0m [34mDEBUG[0m [1;34mninep_server::mesh[0m[34m: [34mDHT empty, waiting for bootstrap peers[0m
    [2;3mat[0m src/mesh.rs:397

  [2m2026-01-30T21:42:27.568575Z[0m [34mDEBUG[0m [1;34mmdns_sd::service_daemon[0m[34m: [34mdel_interface: interface lo not found[0m
    [2;3mat[0m /home/scott/.cargo/registry/src/index.crates.io-1949cf8c6b5b557f/mdns-sd-0.15.1/src/service_daemon.rs:1503

  [2m2026-01-30T21:42:27.568624Z[0m [34mDEBUG[0m [1;34mmdns_sd::service_daemon[0m[34m: [34mdel_interface: interface lo not found[0m
    [2;3mat[0m /home/scott/.cargo/registry/src/index.crates.io-1949cf8c6b5b557f/mdns-sd-0.15.1/src/service_daemon.rs:1503

  [2m2026-01-30T21:42:32.572928Z[0m [34mDEBUG[0m [1;34mmdns_sd::service_daemon[0m[34m: [34mdel_interface: interface lo not found[0m
    [2;3mat[0m /home/scott/.cargo/registry/src/index.crates.io-1949cf8c6b5b557f/mdns-sd-0.15.1/src/service_daemon.rs:1503

  [2m2026-01-30T21:42:32.572987Z[0m [34mDEBUG[0m [1;34mmdns_sd::service_daemon[0m[34m: [34mdel_interface: interface lo not found[0m
    [2;3mat[0m /home/scott/.cargo/registry/src/index.crates.io-1949cf8c6b5b557f/mdns-sd-0.15.1/src/service_daemon.rs:1503

  [2m2026-01-30T21:42:37.597484Z[0m [34mDEBUG[0m [1;34mmdns_sd::service_daemon[0m[34m: [34mdel_interface: interface lo not found[0m
    [2;3mat[0m /home/scott/.cargo/registry/src/index.crates.io-1949cf8c6b5b557f/mdns-sd-0.15.1/src/service_daemon.rs:1503

  [2m2026-01-30T21:42:37.597540Z[0m [34mDEBUG[0m [1;34mmdns_sd::service_daemon[0m[34m: [34mdel_interface: interface lo not found[0m
    [2;3mat[0m /home/scott/.cargo/registry/src/index.crates.io-1949cf8c6b5b557f/mdns-sd-0.15.1/src/service_daemon.rs:1503

  [2m2026-01-30T21:42:42.623029Z[0m [34mDEBUG[0m [1;34mmdns_sd::service_daemon[0m[34m: [34mdel_interface: interface lo not found[0m
    [2;3mat[0m /home/scott/.cargo/registry/src/index.crates.io-1949cf8c6b5b557f/mdns-sd-0.15.1/src/service_daemon.rs:1503

  [2m2026-01-30T21:42:42.623093Z[0m [34mDEBUG[0m [1;34mmdns_sd::service_daemon[0m[34m: [34mdel_interface: interface lo not found[0m
    [2;3mat[0m /home/scott/.cargo/registry/src/index.crates.io-1949cf8c6b5b557f/mdns-sd-0.15.1/src/service_daemon.rs:1503

  [2m2026-01-30T21:42:47.647189Z[0m [34mDEBUG[0m [1;34mmdns_sd::service_daemon[0m[34m: [34mdel_interface: interface lo not found[0m
    [2;3mat[0m /home/scott/.cargo/registry/src/index.crates.io-1949cf8c6b5b557f/mdns-sd-0.15.1/src/service_daemon.rs:1503

  [2m2026-01-30T21:42:47.647263Z[0m [34mDEBUG[0m [1;34mmdns_sd::service_daemon[0m[34m: [34mdel_interface: interface lo not found[0m
    [2;3mat[0m /home/scott/.cargo/registry/src/index.crates.io-1949cf8c6b5b557f/mdns-sd-0.15.1/src/service_daemon.rs:1503

  [2m2026-01-30T21:42:49.998987Z[0m [34mDEBUG[0m [1;34mninep_server::auto_mount[0m[34m: [34mStarting server discovery and auto-mount cycle[0m
    [2;3mat[0m src/auto_mount.rs:324

  [2m2026-01-30T21:42:49.999012Z[0m [34mDEBUG[0m [1;34mninep_server::auto_mount[0m[34m: [34mMounting server 127.0.0.1:5640 at "/home/scott/n/127_0_0_1_port_5640"[0m
    [2;3mat[0m src/auto_mount.rs:413

  [2m2026-01-30T21:42:49.999021Z[0m [34mDEBUG[0m [1;34mninep_server::auto_mount[0m[34m: [34mEstablishing Tcp connection to 127.0.0.1:5640[0m
    [2;3mat[0m src/auto_mount.rs:457

  [2m2026-01-30T21:42:49.999024Z[0m [32m INFO[0m [1;32mninep_server::transport::tcp[0m[32m: [32mInitializing legacy TCP transport[0m
    [2;3mat[0m src/transport/tcp.rs:22

  [2m2026-01-30T21:42:49.999026Z[0m [34mDEBUG[0m [1;34mninep_server::transport::tcp[0m[34m: [34mConnecting to 127.0.0.1:5640 via TCP[0m
    [2;3mat[0m src/transport/tcp.rs:36

  [2m2026-01-30T21:42:49.999098Z[0m [31mERROR[0m [1;31mninep_server::auto_mount[0m[31m: [31mConnection test failed: Connection refused (os error 111)[0m
    [2;3mat[0m src/auto_mount.rs:475

  [2m2026-01-30T21:42:49.999117Z[0m [33m WARN[0m [1;33mninep_server::auto_mount[0m[33m: [33mFailed to mount server 127.0.0.1:5640: Connection test failed: Connection refused (os error 111)[0m
    [2;3mat[0m src/auto_mount.rs:361

  [2m2026-01-30T21:42:49.999127Z[0m [34mDEBUG[0m [1;34mninep_server::auto_mount[0m[34m: [34mMounting server 127.0.0.1:5641 at "/home/scott/n/127_0_0_1_port_5641"[0m
    [2;3mat[0m src/auto_mount.rs:413

  [2m2026-01-30T21:42:49.999136Z[0m [34mDEBUG[0m [1;34mninep_server::auto_mount[0m[34m: [34mEstablishing Tcp connection to 127.0.0.1:5641[0m
    [2;3mat[0m src/auto_mount.rs:457

  [2m2026-01-30T21:42:49.999140Z[0m [32m INFO[0m [1;32mninep_server::transport::tcp[0m[32m: [32mInitializing legacy TCP transport[0m
    [2;3mat[0m src/transport/tcp.rs:22

  [2m2026-01-30T21:42:49.999143Z[0m [34mDEBUG[0m [1;34mninep_server::transport::tcp[0m[34m: [34mConnecting to 127.0.0.1:5641 via TCP[0m
    [2;3mat[0m src/transport/tcp.rs:36

  [2m2026-01-30T21:42:49.999181Z[0m [31mERROR[0m [1;31mninep_server::auto_mount[0m[31m: [31mConnection test failed: Connection refused (os error 111)[0m
    [2;3mat[0m src/auto_mount.rs:475

  [2m2026-01-30T21:42:49.999188Z[0m [33m WARN[0m [1;33mninep_server::auto_mount[0m[33m: [33mFailed to mount server 127.0.0.1:5641: Connection test failed: Connection refused (os error 111)[0m
    [2;3mat[0m src/auto_mount.rs:361

  [2m2026-01-30T21:42:49.999201Z[0m [34mDEBUG[0m [1;34mninep_server::auto_mount[0m[34m: [34mMounting server 127.0.0.1:5642 at "/home/scott/n/127_0_0_1_port_5642"[0m
    [2;3mat[0m src/auto_mount.rs:413

  [2m2026-01-30T21:42:49.999207Z[0m [34mDEBUG[0m [1;34mninep_server::auto_mount[0m[34m: [34mEstablishing Tcp connection to 127.0.0.1:5642[0m
    [2;3mat[0m src/auto_mount.rs:457

  [2m2026-01-30T21:42:49.999209Z[0m [32m INFO[0m [1;32mninep_server::transport::tcp[0m[32m: [32mInitializing legacy TCP transport[0m
    [2;3mat[0m src/transport/tcp.rs:22

  [2m2026-01-30T21:42:49.999211Z[0m [34mDEBUG[0m [1;34mninep_server::transport::tcp[0m[34m: [34mConnecting to 127.0.0.1:5642 via TCP[0m
    [2;3mat[0m src/transport/tcp.rs:36

  [2m2026-01-30T21:42:49.999234Z[0m [31mERROR[0m [1;31mninep_server::auto_mount[0m[31m: [31mConnection test failed: Connection refused (os error 111)[0m
    [2;3mat[0m src/auto_mount.rs:475

  [2m2026-01-30T21:42:49.999238Z[0m [33m WARN[0m [1;33mninep_server::auto_mount[0m[33m: [33mFailed to mount server 127.0.0.1:5642: Connection test failed: Connection refused (os error 111)[0m
    [2;3mat[0m src/auto_mount.rs:361

  [2m2026-01-30T21:42:52.671686Z[0m [34mDEBUG[0m [1;34mmdns_sd::service_daemon[0m[34m: [34mdel_interface: interface lo not found[0m
    [2;3mat[0m /home/scott/.cargo/registry/src/index.crates.io-1949cf8c6b5b557f/mdns-sd-0.15.1/src/service_daemon.rs:1503

  [2m2026-01-30T21:42:52.671745Z[0m [34mDEBUG[0m [1;34mmdns_sd::service_daemon[0m[34m: [34mdel_interface: interface lo not found[0m
    [2;3mat[0m /home/scott/.cargo/registry/src/index.crates.io-1949cf8c6b5b557f/mdns-sd-0.15.1/src/service_daemon.rs:1503

  [2m2026-01-30T21:42:53.001065Z[0m [34mDEBUG[0m [1;34mninep_server::mesh[0m[34m: [34mDHT empty, waiting for bootstrap peers[0m
    [2;3mat[0m src/mesh.rs:397

  [2m2026-01-30T21:42:57.695938Z[0m [34mDEBUG[0m [1;34mmdns_sd::service_daemon[0m[34m: [34mdel_interface: interface lo not found[0m
    [2;3mat[0m /home/scott/.cargo/registry/src/index.crates.io-1949cf8c6b5b557f/mdns-sd-0.15.1/src/service_daemon.rs:1503

  [2m2026-01-30T21:42:57.695954Z[0m [34mDEBUG[0m [1;34mmdns_sd::service_daemon[0m[34m: [34mdel_interface: interface lo not found[0m
    [2;3mat[0m /home/scott/.cargo/registry/src/index.crates.io-1949cf8c6b5b557f/mdns-sd-0.15.1/src/service_daemon.rs:1503

